GEOID,type,subtype,estimate,moe,cv,reliability
51001,Householder with no partner,Living alone,3963,401.60801784824963,6.160449474481655,High reliability
51001,Householder with no partner,With only nonrelatives present,309,114.40279716860073,22.506722768534782,Medium reliability
51001,Householder with no partner,With own children,927,219.93862780330335,14.423009007276033,High reliability
51001,Householder with no partner,"With relatives, no own children",1484,314.79675983084707,12.895270313161959,High reliability
51001,Married or cohabitating couple,With own children,1862,268.895890634275,8.778869360796968,High reliability
51001,Married or cohabitating couple,Without own children,4893,379.15300341682644,4.71056913905078,High reliability
51003,Householder with no partner,Living alone,12090,641.7515095424396,3.2268196708196113,High reliability
51003,Householder with no partner,With only nonrelatives present,1780,297.0420845604205,10.144533470865765,High reliability
51003,Householder with no partner,With own children,2194,315.53922101697594,8.742805635069281,High reliability
51003,Householder with no partner,"With relatives, no own children",2314,373.31488049634453,9.807222864297524,High reliability
51003,Married or cohabitating couple,With own children,8376,445.5659322704105,3.233772076176618,High reliability
51003,Married or cohabitating couple,Without own children,14742,628.339080433487,2.591025952083999,High reliability
51005,Householder with no partner,Living alone,2092,206.15528128088303,5.990552554553838,High reliability
51005,Householder with no partner,With only nonrelatives present,43,36.124783736376884,51.0705926859078,Low reliability
51005,Householder with no partner,With own children,321,114.54256850621083,21.691819543071297,Medium reliability
51005,Householder with no partner,"With relatives, no own children",430,115.80155439371269,16.371181790303627,Medium reliability
51005,Married or cohabitating couple,With own children,1136,172.40939649566667,9.226068993517845,High reliability
51005,Married or cohabitating couple,Without own children,2578,191.637678967368,4.518893300274429,High reliability
51007,Householder with no partner,Living alone,1242,223.06277143441037,10.91791215435494,High reliability
51007,Householder with no partner,With only nonrelatives present,53,50.60632371551998,58.044759666823396,Low reliability
51007,Householder with no partner,With own children,211,123.79418403139947,35.66579294757904,Low reliability
51007,Householder with no partner,"With relatives, no own children",388,152.16109883935513,23.839986657373977,Medium reliability
51007,Married or cohabitating couple,With own children,969,225.84950741588966,14.168682495719251,High reliability
51007,Married or cohabitating couple,Without own children,2091,248.71871662583015,7.2308363568813565,High reliability
51009,Householder with no partner,Living alone,3307,313.64310928187155,5.765482434917395,High reliability
51009,Householder with no partner,With only nonrelatives present,200,76.02631123499285,23.108301287231868,Medium reliability
51009,Householder with no partner,With own children,586,171.40595088852663,17.781253658156025,Medium reliability
51009,Householder with no partner,"With relatives, no own children",1188,240.16869071550522,12.289495293129125,High reliability
51009,Married or cohabitating couple,With own children,2132,253.81883302859936,7.2372027643207675,High reliability
51009,Married or cohabitating couple,Without own children,4747,333.17412864746865,4.266641336072998,High reliability
51011,Householder with no partner,Living alone,1316,182.42806801586207,8.426939330561527,High reliability
51011,Householder with no partner,With only nonrelatives present,94,71.58910531638176,46.29703506200722,Low reliability
51011,Householder with no partner,With own children,382,144.66858677681205,23.022102003025516,Medium reliability
51011,Householder with no partner,"With relatives, no own children",464,123.5677951571525,16.189051875740553,Medium reliability
51011,Married or cohabitating couple,With own children,1322,177.19198627477485,8.147919302281007,High reliability
51011,Married or cohabitating couple,Without own children,2513,194.23954283306992,4.698716651118015,High reliability
51013,Householder with no partner,Living alone,41919,1062.300334180499,1.5405312129036512,High reliability
51013,Householder with no partner,With only nonrelatives present,9226,679.2142519117219,4.475354452309166,High reliability
51013,Householder with no partner,With own children,3801,443.60568075713365,7.094688419974806,High reliability
51013,Householder with no partner,"With relatives, no own children",4740,494.3814316901475,6.340418243368186,High reliability
51013,Married or cohabitating couple,With own children,18714,730.4190578017526,2.372682180958269,High reliability
51013,Married or cohabitating couple,Without own children,28632,952.9895067627974,2.023347751198942,High reliability
51015,Householder with no partner,Living alone,7338,549.7062852105659,4.553937783255633,High reliability
51015,Householder with no partner,With only nonrelatives present,435,184.19554826325202,25.740914406351816,Medium reliability
51015,Householder with no partner,With own children,1192,224.84883811129646,11.466965081867794,High reliability
51015,Householder with no partner,"With relatives, no own children",2363,322.1257518423512,8.286971042743593,High reliability
51015,Married or cohabitating couple,With own children,5829,453.15449903978663,4.725919704900575,High reliability
51015,Married or cohabitating couple,Without own children,12382,529.8546970632609,2.60135777576559,High reliability
51017,Householder with no partner,Living alone,491,183.53473785635242,22.723272752258268,Medium reliability
51017,Householder with no partner,With only nonrelatives present,16,29.546573405388315,112.25901749767597,Low reliability
51017,Householder with no partner,With own children,51,72.99315036357864,87.00536428104016,Low reliability
51017,Householder with no partner,"With relatives, no own children",120,86.83317338436964,43.988436364928894,Low reliability
51017,Married or cohabitating couple,With own children,234,115.20850663036997,29.92972920540617,Medium reliability
51017,Married or cohabitating couple,Without own children,889,246.5866987491418,16.86172426579106,Medium reliability
51019,Householder with no partner,Living alone,7395,537.5546483847014,4.418944439043891,High reliability
51019,Householder with no partner,With only nonrelatives present,415,126.49110640673517,18.528744484086157,Medium reliability
51019,Householder with no partner,With own children,1221,236.31546711969574,11.765505234868808,High reliability
51019,Householder with no partner,"With relatives, no own children",2089,326.4506088216103,9.499771092802224,High reliability
51019,Married or cohabitating couple,With own children,6413,422.4133047147071,4.0041509975672245,High reliability
51019,Married or cohabitating couple,Without own children,13784,564.6813260592207,2.4903607286154457,High reliability
51021,Householder with no partner,Living alone,623,119.85407794480753,11.694963378964177,High reliability
51021,Householder with no partner,With only nonrelatives present,15,24.041630560342615,97.43315323340471,Low reliability
51021,Householder with no partner,With own children,73,69.12307863514182,57.561792592864904,Low reliability
51021,Householder with no partner,"With relatives, no own children",224,87.41853350405736,23.72409181069729,Medium reliability
51021,Married or cohabitating couple,With own children,481,105.11898020814318,13.285263124334836,High reliability
51021,Married or cohabitating couple,Without own children,951,129.1239714383042,8.25392381325076,High reliability
51023,Householder with no partner,Living alone,3165,319.0814942926023,6.128610213200081,High reliability
51023,Householder with no partner,With only nonrelatives present,147,83.40863264674707,34.49274554793833,Low reliability
51023,Householder with no partner,With own children,446,133.9328189802634,18.255185434904437,Medium reliability
51023,Householder with no partner,"With relatives, no own children",724,172.3629890666787,14.472366376150623,High reliability
51023,Married or cohabitating couple,With own children,2831,225.07998578283232,4.8331592750868815,High reliability
51023,Married or cohabitating couple,Without own children,5951,323.27387769505907,3.302286583543304,High reliability
51025,Householder with no partner,Living alone,2001,246.75899173079793,7.496525042366291,High reliability
51025,Householder with no partner,With only nonrelatives present,97,78.49203781276162,49.19126237756502,Low reliability
51025,Householder with no partner,With own children,565,147.05441169852742,15.822084804963005,Medium reliability
51025,Householder with no partner,"With relatives, no own children",935,177.2004514666935,11.52092397748442,High reliability
51025,Married or cohabitating couple,With own children,561,124.96399481450646,13.541168323446135,High reliability
51025,Married or cohabitating couple,Without own children,1878,203.06649157357302,6.573198920586572,High reliability
51027,Householder with no partner,Living alone,2434,277.46170906991836,6.929734262834724,High reliability
51027,Householder with no partner,With only nonrelatives present,122,79.05694150420949,39.39256639803153,Low reliability
51027,Householder with no partner,With own children,490,131.0267148332736,16.25540783242647,Medium reliability
51027,Householder with no partner,"With relatives, no own children",915,209.1219739769114,13.893532245546956,High reliability
51027,Married or cohabitating couple,With own children,1206,208.42504647954382,10.505983077497206,High reliability
51027,Married or cohabitating couple,Without own children,3402,263.68541863364385,4.7117897505962665,High reliability
51029,Householder with no partner,Living alone,1628,223.89283150650448,8.36026196226016,High reliability
51029,Householder with no partner,With only nonrelatives present,93,53.075418038862395,34.693217007459815,Low reliability
51029,Householder with no partner,With own children,327,113.54734695271397,21.108789855779065,Medium reliability
51029,Householder with no partner,"With relatives, no own children",644,157.54681843820268,14.871605886292235,High reliability
51029,Married or cohabitating couple,With own children,1125,179.17868176767013,9.682063182312469,High reliability
51029,Married or cohabitating couple,Without own children,2009,184.0244548966251,5.568390718866169,High reliability
51031,Householder with no partner,Living alone,6764,435.28955879965696,3.9120892010056543,High reliability
51031,Householder with no partner,With only nonrelatives present,671,200.8706051168264,18.19818037922136,Medium reliability
51031,Householder with no partner,With own children,1274,232.93775992741064,11.11487452712948,High reliability
51031,Householder with no partner,"With relatives, no own children",2013,288.6468430452687,8.716801067990243,High reliability
51031,Married or cohabitating couple,With own children,4338,377.1538147758816,5.285219818580433,High reliability
51031,Married or cohabitating couple,Without own children,8011,455.543631280254,3.45682461144994,High reliability
51033,Householder with no partner,Living alone,2508,347.3154186038967,8.418420776406604,High reliability
51033,Householder with no partner,With only nonrelatives present,155,86.55634003352961,33.94699089460912,Low reliability
51033,Householder with no partner,With own children,750,220.0954338463204,17.839548842660214,Medium reliability
51033,Householder with no partner,"With relatives, no own children",1429,290.1344515909822,12.34244414296912,High reliability
51033,Married or cohabitating couple,With own children,2070,271.64130760986995,7.977366859312217,High reliability
51033,Married or cohabitating couple,Without own children,4034,369.23840536975564,5.564229962789777,High reliability
51035,Householder with no partner,Living alone,3737,381.1312110021954,6.199911848445561,High reliability
51035,Householder with no partner,With only nonrelatives present,203,122.14745187681976,36.578211890583425,Low reliability
51035,Householder with no partner,With own children,465,168.86088949191284,22.075483150885752,Medium reliability
51035,Householder with no partner,"With relatives, no own children",955,232.59406699226014,14.805714094257397,High reliability
51035,Married or cohabitating couple,With own children,2218,279.8856909525744,7.671022415456143,High reliability
51035,Married or cohabitating couple,Without own children,4779,328.3245345690754,4.176383819141309,High reliability
51036,Householder with no partner,Living alone,892,94.92101980067429,6.468917892286334,High reliability
51036,Householder with no partner,With only nonrelatives present,52,26.476404589747453,30.952074573003802,Low reliability
51036,Householder with no partner,With own children,82,30.479501308256342,22.595819785200046,Medium reliability
51036,Householder with no partner,"With relatives, no own children",374,76.05918747922567,12.362724099804248,High reliability
51036,Married or cohabitating couple,With own children,360,47.50789408087881,8.02227188126964,High reliability
51036,Married or cohabitating couple,Without own children,1136,90.80198235721508,4.859046960337294,High reliability
51037,Householder with no partner,Living alone,1545,205.06584308460538,8.068614044111523,High reliability
51037,Householder with no partner,With only nonrelatives present,79,46.22769732530488,35.57208058582192,Low reliability
51037,Householder with no partner,With own children,293,101.9803902718557,21.158415774734834,Medium reliability
51037,Householder with no partner,"With relatives, no own children",453,121.82364302548172,16.348107251955113,Medium reliability
51037,Married or cohabitating couple,With own children,602,116.0775602776006,11.721572496703045,High reliability
51037,Married or cohabitating couple,Without own children,1689,186.85020738548835,6.725088940794749,High reliability
51041,Householder with no partner,Living alone,27572,945.07248399263,2.0836796326845612,High reliability
51041,Householder with no partner,With only nonrelatives present,2835,389.85253622363416,8.359521101807822,High reliability
51041,Householder with no partner,With own children,9575,789.8670774250563,5.014750465768133,High reliability
51041,Householder with no partner,"With relatives, no own children",9633,611.5889142226174,3.859509747695547,High reliability
51041,Married or cohabitating couple,With own children,30670,883.2326986700617,1.7506344103671732,High reliability
51041,Married or cohabitating couple,Without own children,44686,993.6201487490076,1.3517083796588443,High reliability
51043,Householder with no partner,Living alone,1444,236.17366491630688,9.942563502105218,High reliability
51043,Householder with no partner,With only nonrelatives present,148,86.33075929238663,35.45993563311699,Low reliability
51043,Householder with no partner,With own children,281,113.1591799192624,24.480346984664497,Medium reliability
51043,Householder with no partner,"With relatives, no own children",380,120.96693763173474,19.3516137628755,Medium reliability
51043,Married or cohabitating couple,With own children,1177,152.34500319997372,7.868389481267026,High reliability
51043,Married or cohabitating couple,Without own children,2182,208.06249061279644,5.796597489066288,High reliability
51045,Householder with no partner,Living alone,799,202.08908926510605,15.37553319043227,Medium reliability
51045,Householder with no partner,With only nonrelatives present,33,38.8329756778952,71.53537013520346,Low reliability
51045,Householder with no partner,With own children,81,56.61271941887264,42.487687657227404,Low reliability
51045,Householder with no partner,"With relatives, no own children",117,83.74365647617735,43.511109280221,Low reliability
51045,Married or cohabitating couple,With own children,463,105.32331175955302,13.828580850348663,High reliability
51045,Married or cohabitating couple,Without own children,804,169.1892431568863,12.7923636496005,High reliability
51047,Householder with no partner,Living alone,3443,357.79463383343244,6.317291219194267,High reliability
51047,Householder with no partner,With only nonrelatives present,347,139.52060779684126,24.442351339197685,Medium reliability
51047,Householder with no partner,With own children,809,236.60304309116566,17.77894154975114,Medium reliability
51047,Householder with no partner,"With relatives, no own children",1335,278.0017985553331,12.659030249665113,High reliability
51047,Married or cohabitating couple,With own children,4425,354.80276210875246,4.874250162055913,High reliability
51047,Married or cohabitating couple,Without own children,6712,435.6971425198931,3.946088867916041,High reliability
51049,Householder with no partner,Living alone,1142,239.4201328209472,12.744671951886637,High reliability
51049,Householder with no partner,With only nonrelatives present,122,96.88137075826292,48.27413959752002,Low reliability
51049,Householder with no partner,With own children,177,86.34813257969161,29.656082489204266,Medium reliability
51049,Householder with no partner,"With relatives, no own children",329,120.28299963003916,22.225034807520103,Medium reliability
51049,Married or cohabitating couple,With own children,739,188.30825791770258,15.490271328436322,Medium reliability
51049,Married or cohabitating couple,Without own children,1466,226.61200321253946,9.396866075317718,High reliability
51051,Householder with no partner,Living alone,1809,233.69210512980536,7.853071862229055,High reliability
51051,Householder with no partner,With only nonrelatives present,49,29.206163733020468,36.23368740527321,Low reliability
51051,Householder with no partner,With own children,388,119.36498649101419,18.701624179960234,Medium reliability
51051,Householder with no partner,"With relatives, no own children",475,136.85028315644803,17.514033998585575,Medium reliability
51051,Married or cohabitating couple,With own children,1005,174.56230979223437,10.558896084455192,High reliability
51051,Married or cohabitating couple,Without own children,2052,228.72909740564273,6.77607426976551,High reliability
51053,Householder with no partner,Living alone,2913,348.24416721604973,7.267373219850846,High reliability
51053,Householder with no partner,With only nonrelatives present,166,89.88882021697692,32.91786729299334,Low reliability
51053,Householder with no partner,With own children,537,168.90825912311098,19.121004242086904,Medium reliability
51053,Householder with no partner,"With relatives, no own children",1266,258.0096897405212,12.389004438771384,High reliability
51053,Married or cohabitating couple,With own children,1926,299.1738624947039,9.442814611592569,High reliability
51053,Married or cohabitating couple,Without own children,3593,338.2454729926182,5.722804016804344,High reliability
51057,Householder with no partner,Living alone,1368,214.74170531128786,9.54254898377539,High reliability
51057,Householder with no partner,With only nonrelatives present,55,45.65084884205331,50.45686525786493,Low reliability
51057,Householder with no partner,With own children,273,99.82484660644363,22.228497190163026,Medium reliability
51057,Householder with no partner,"With relatives, no own children",267,78.87331614684399,17.957792003197522,Medium reliability
51057,Married or cohabitating couple,With own children,793,191.23022773609824,14.659442441737408,High reliability
51057,Married or cohabitating couple,Without own children,1799,198.33809518093088,6.70207174133995,High reliability
51059,Householder with no partner,Living alone,89175,1659.29412703113,1.1311347787212775,High reliability
51059,Householder with no partner,With only nonrelatives present,12928,840.0595217006947,3.950142955422479,High reliability
51059,Householder with no partner,With own children,20551,1041.630452703837,3.0811639416265386,High reliability
51059,Householder with no partner,"With relatives, no own children",25548,1023.8906191581208,2.4362999385580437,High reliability
51059,Married or cohabitating couple,With own children,114278,1622.7029919242768,0.8631981551968997,High reliability
51059,Married or cohabitating couple,Without own children,134021,1686.8491337401813,0.7651339736918611,High reliability
51061,Householder with no partner,Living alone,5337,404.9604919001359,4.61263988796611,High reliability
51061,Householder with no partner,With only nonrelatives present,367,103.60019305001319,17.16044707353854,Medium reliability
51061,Householder with no partner,With own children,1293,253.57050301641948,11.92159338295378,High reliability
51061,Householder with no partner,"With relatives, no own children",1399,222.43425995111454,9.665360622377449,High reliability
51061,Married or cohabitating couple,With own children,6350,344.379151517626,3.296835090995151,High reliability
51061,Married or cohabitating couple,Without own children,9816,470.03191381011567,2.9108973737444708,High reliability
51063,Householder with no partner,Living alone,1718,245.0652974209119,8.671470587518245,High reliability
51063,Householder with no partner,With only nonrelatives present,112,68.60029154456998,37.23420079492509,Low reliability
51063,Householder with no partner,With own children,254,138.84163640637487,33.22921676432398,Low reliability
51063,Householder with no partner,"With relatives, no own children",373,134.27211177307072,21.883212883801058,Medium reliability
51063,Married or cohabitating couple,With own children,1314,187.94946129212502,8.69520484527742,High reliability
51063,Married or cohabitating couple,Without own children,2722,287.08883642524313,6.411538905668841,High reliability
51065,Householder with no partner,Living alone,2233,302.4516490284025,8.233819293313818,High reliability
51065,Householder with no partner,With only nonrelatives present,132,82.80096617793781,38.13252564149296,Low reliability
51065,Householder with no partner,With own children,461,147.98986451781082,19.514846740970246,Medium reliability
51065,Householder with no partner,"With relatives, no own children",540,179.76929659983654,20.237453180213503,Medium reliability
51065,Married or cohabitating couple,With own children,2265,239.58505796480713,6.430216871375756,High reliability
51065,Married or cohabitating couple,Without own children,4292,325.0061537878937,4.603264910583537,High reliability
51067,Householder with no partner,Living alone,5600,546.4155927496945,5.931563099757865,High reliability
51067,Householder with no partner,With only nonrelatives present,274,142.67795905464865,31.6548619028351,Low reliability
51067,Householder with no partner,With own children,1024,257.30332294783915,15.27494080949843,Medium reliability
51067,Householder with no partner,"With relatives, no own children",2004,358.5080194361069,10.875149986838084,High reliability
51067,Married or cohabitating couple,With own children,4276,453.9438291242651,6.453547603280415,High reliability
51067,Married or cohabitating couple,Without own children,9819,490.493628908674,3.0366882451315558,High reliability
51069,Householder with no partner,Living alone,6462,453.34534297817595,4.264776758756837,High reliability
51069,Householder with no partner,With only nonrelatives present,512,157.84169284444462,18.74070251287574,Medium reliability
51069,Householder with no partner,With own children,1591,261.4727519264675,9.990572040924253,High reliability
51069,Householder with no partner,"With relatives, no own children",2530,370.37548514986787,8.899299233510767,High reliability
51069,Married or cohabitating couple,With own children,7427,506.80666925367115,4.148231596075529,High reliability
51069,Married or cohabitating couple,Without own children,12981,638.2358498235585,2.9888708038030734,High reliability
51071,Householder with no partner,Living alone,1931,217.0829334609241,6.834039828834111,High reliability
51071,Householder with no partner,With only nonrelatives present,199,84.17244204607586,25.71289335616559,Medium reliability
51071,Householder with no partner,With own children,402,118.06777714516353,17.85416037520052,Medium reliability
51071,Householder with no partner,"With relatives, no own children",531,135.94851966829208,15.563743314877826,Medium reliability
51071,Married or cohabitating couple,With own children,1204,177.39503938949363,8.956721737546257,High reliability
51071,Married or cohabitating couple,Without own children,2643,188.2153022471871,4.329042645128719,High reliability
51073,Householder with no partner,Living alone,3459,384.0052082980125,6.748708198743465,High reliability
51073,Householder with no partner,With only nonrelatives present,152,78.89233169326408,31.551884375805507,Low reliability
51073,Householder with no partner,With own children,548,156.42570121306792,17.352483883152654,Medium reliability
51073,Householder with no partner,"With relatives, no own children",1096,241.59884105682295,13.400419378387445,High reliability
51073,Married or cohabitating couple,With own children,2915,314.1591953134589,6.551568927379268,High reliability
51073,Married or cohabitating couple,Without own children,6616,429.44615494844055,3.945911311515608,High reliability
51075,Householder with no partner,Living alone,2079,268.40454541605664,7.848189388926363,High reliability
51075,Householder with no partner,With only nonrelatives present,123,72.42237223399962,35.79329934712216,Low reliability
51075,Householder with no partner,With own children,186,96.1041102138717,31.40965134290019,Low reliability
51075,Householder with no partner,"With relatives, no own children",480,131.13733259449805,16.60807150386247,Medium reliability
51075,Married or cohabitating couple,With own children,1681,211.21789696898318,7.638306803519514,High reliability
51075,Married or cohabitating couple,Without own children,3957,303.5951251255527,4.664046173040315,High reliability
51077,Householder with no partner,Living alone,2079,251.67637950352037,7.359055294690145,High reliability
51077,Householder with no partner,With only nonrelatives present,109,66.48308055437865,37.07820783267542,Low reliability
51077,Householder with no partner,With own children,353,168.5496959356498,29.02601168200484,Medium reliability
51077,Householder with no partner,"With relatives, no own children",422,116.67476162392619,16.80732387731402,Medium reliability
51077,Married or cohabitating couple,With own children,871,172.69626515938322,12.053103560480265,High reliability
51077,Married or cohabitating couple,Without own children,2664,217.89217516927954,4.972118969332849,High reliability
51079,Householder with no partner,Living alone,1807,246.86838598735156,8.305034154154026,High reliability
51079,Householder with no partner,With only nonrelatives present,135,84.0535543567314,37.849174538660996,Low reliability
51079,Householder with no partner,With own children,469,165.3027525481654,21.426011827294104,Medium reliability
51079,Householder with no partner,"With relatives, no own children",610,162.92943257741985,16.236925863512866,Medium reliability
51079,Married or cohabitating couple,With own children,1626,190.0973434848578,7.107053820883956,High reliability
51079,Married or cohabitating couple,Without own children,2901,307.688153818115,6.447586018826229,High reliability
51081,Householder with no partner,Living alone,1156,186.20687420178666,9.792012820741611,High reliability
51081,Householder with no partner,With only nonrelatives present,7,21.95449840010015,190.65999479027485,Low reliability
51081,Householder with no partner,With own children,252,139.97856978837868,33.76720456129171,Low reliability
51081,Householder with no partner,"With relatives, no own children",485,164.62381358722072,20.634075591416753,Medium reliability
51081,Married or cohabitating couple,With own children,631,142.28492541376264,13.707669633645889,High reliability
51081,Married or cohabitating couple,Without own children,1116,176.7823520603796,9.629612492530836,High reliability
51083,Householder with no partner,Living alone,4508,379.73280079550676,5.120687852402979,High reliability
51083,Householder with no partner,With only nonrelatives present,167,98.71676655968832,35.93424696856317,Low reliability
51083,Householder with no partner,With own children,776,205.8275977608445,16.124118522298474,Medium reliability
51083,Householder with no partner,"With relatives, no own children",1887,288.1700886629284,9.283486232402097,High reliability
51083,Married or cohabitating couple,With own children,2177,257.76927667974707,7.197916786290133,High reliability
51083,Married or cohabitating couple,Without own children,4643,358.06424004639166,4.688094573147558,High reliability
51085,Householder with no partner,Living alone,8254,518.3097529470191,3.817323923977683,High reliability
51085,Householder with no partner,With only nonrelatives present,596,153.3883959105121,15.645172059985729,Medium reliability
51085,Householder with no partner,With own children,1908,302.32432915661946,9.632273937177631,High reliability
51085,Householder with no partner,"With relatives, no own children",2399,321.50427679892533,8.14686658445389,High reliability
51085,Married or cohabitating couple,With own children,9669,368.0489097932502,2.3139718593861067,High reliability
51085,Married or cohabitating couple,Without own children,16161,533.1585130146568,2.0054979181359034,High reliability
51087,Householder with no partner,Living alone,39674,1248.5932083749294,1.9131502419106745,High reliability
51087,Householder with no partner,With only nonrelatives present,3686,465.8003864317848,7.682076211010937,High reliability
51087,Householder with no partner,With own children,8903,663.7122870642067,4.531871447070071,High reliability
51087,Householder with no partner,"With relatives, no own children",11355,713.9866945538971,3.8224083203382255,High reliability
51087,Married or cohabitating couple,With own children,26713,945.9397443812159,2.1526573514260976,High reliability
51087,Married or cohabitating couple,Without own children,38133,1032.8373540882417,1.646512608347574,High reliability
51089,Householder with no partner,Living alone,7224,468.6800614491724,3.943963060056249,High reliability
51089,Householder with no partner,With only nonrelatives present,380,155.4155719353759,24.862513507498946,Medium reliability
51089,Householder with no partner,With own children,1192,266.1766330841233,13.574622768003678,High reliability
51089,Householder with no partner,"With relatives, no own children",1847,262.4576156258378,8.638262182355607,High reliability
51089,Married or cohabitating couple,With own children,2661,315.27289766169247,7.202377186666631,High reliability
51089,Married or cohabitating couple,Without own children,7914,450.53079805935573,3.4606887110860884,High reliability
51091,Householder with no partner,Living alone,316,92.61749294814668,17.817223836740926,Medium reliability
51091,Householder with no partner,With only nonrelatives present,11,12.083045973594572,66.77560637521178,Low reliability
51091,Householder with no partner,With own children,16,15.620499351813308,59.34840179260375,Low reliability
51091,Householder with no partner,"With relatives, no own children",68,32.01562118716424,28.621152500593816,Medium reliability
51091,Married or cohabitating couple,With own children,113,42.7551166528639,23.000842807576674,Medium reliability
51091,Married or cohabitating couple,Without own children,554,81.12336284942828,8.90164516140457,High reliability
51093,Householder with no partner,Living alone,3667,357.0994259306503,5.91987231772492,High reliability
51093,Householder with no partner,With only nonrelatives present,169,82.09750300709517,29.53094476973262,Medium reliability
51093,Householder with no partner,With own children,862,177.55280904564702,12.521442961208965,High reliability
51093,Householder with no partner,"With relatives, no own children",988,170.94151046483705,10.51779471991171,High reliability
51093,Married or cohabitating couple,With own children,3066,291.171770609721,5.7731283715646065,High reliability
51093,Married or cohabitating couple,Without own children,5835,342.566781810496,3.568933740794816,High reliability
51095,Householder with no partner,Living alone,7145,617.0656367032602,5.250047425800006,High reliability
51095,Householder with no partner,With only nonrelatives present,364,137.3608386695422,22.94011801822743,Medium reliability
51095,Householder with no partner,With own children,1382,320.5448486561592,14.099861821163955,High reliability
51095,Householder with no partner,"With relatives, no own children",1388,309.9580616793182,13.575241614153366,High reliability
51095,Married or cohabitating couple,With own children,5748,445.25273721786374,4.708948451136843,High reliability
51095,Married or cohabitating couple,Without own children,12893,533.975654875763,2.517686041438395,High reliability
51097,Householder with no partner,Living alone,844,150.6286825275983,10.84924030363433,High reliability
51097,Householder with no partner,With only nonrelatives present,87,55.65968020030299,38.891576844008654,Low reliability
51097,Householder with no partner,With own children,34,37.12142238654117,66.37121828453633,Low reliability
51097,Householder with no partner,"With relatives, no own children",259,103.96634070698074,24.402093792346236,Medium reliability
51097,Married or cohabitating couple,With own children,464,117.27318534089538,15.364372882938811,Medium reliability
51097,Married or cohabitating couple,Without own children,1019,197.327139542436,11.77190460535157,High reliability
51099,Householder with no partner,Living alone,1685,242.5881283162884,8.751928001092724,High reliability
51099,Householder with no partner,With only nonrelatives present,196,90.7358804442873,28.142137722314775,Medium reliability
51099,Householder with no partner,With own children,438,161.23585209251695,22.378017250630382,Medium reliability
51099,Householder with no partner,"With relatives, no own children",612,149.20120642943877,14.82023227739424,High reliability
51099,Married or cohabitating couple,With own children,2543,254.24397731313127,6.077688136409531,High reliability
51099,Married or cohabitating couple,Without own children,3728,298.573274088623,4.868656386380614,High reliability
51101,Householder with no partner,Living alone,1262,193.08029417835473,9.30063700587935,High reliability
51101,Householder with no partner,With only nonrelatives present,63,58.180752831155424,56.14006159227619,Low reliability
51101,Householder with no partner,With own children,266,104.95713410721541,23.9863642633671,Medium reliability
51101,Householder with no partner,"With relatives, no own children",519,144.83784035948617,16.964801419550827,Medium reliability
51101,Married or cohabitating couple,With own children,1578,189.89734068701435,7.3155331355921405,High reliability
51101,Married or cohabitating couple,Without own children,2390,214.64622055838765,5.459582621571331,High reliability
51103,Householder with no partner,Living alone,1744,222.07206037680652,7.740723222191464,High reliability
51103,Householder with no partner,With only nonrelatives present,4,19.6468827043885,298.5848435317401,Low reliability
51103,Householder with no partner,With own children,186,81.12336284942828,26.513502254936196,Medium reliability
51103,Householder with no partner,"With relatives, no own children",344,99.98499887483122,17.668940212559416,Medium reliability
51103,Married or cohabitating couple,With own children,515,120.2538980657176,14.194693902171052,High reliability
51103,Married or cohabitating couple,Without own children,2269,172.69916039170545,4.626896960398056,High reliability
51105,Householder with no partner,Living alone,2963,337.6166465090251,6.926698716983118,High reliability
51105,Householder with no partner,With only nonrelatives present,29,45.27692569068709,94.91023098351764,Low reliability
51105,Householder with no partner,With own children,579,149.25146565444507,15.670185536791244,Medium reliability
51105,Householder with no partner,"With relatives, no own children",830,195.54283418218117,14.32181009866929,High reliability
51105,Married or cohabitating couple,With own children,1437,238.04621400055913,10.070211877605495,High reliability
51105,Married or cohabitating couple,Without own children,3311,269.75729832573575,4.952769543645815,High reliability
51107,Householder with no partner,Living alone,21710,790.5504411484444,2.21362402475417,High reliability
51107,Householder with no partner,With only nonrelatives present,2873,368.7560169000636,7.802568445130878,High reliability
51107,Householder with no partner,With own children,6192,508.4889379327735,4.992115897488804,High reliability
51107,Householder with no partner,"With relatives, no own children",6143,557.9910393545761,5.521801713216725,High reliability
51107,Married or cohabitating couple,With own children,51897,1016.394608407581,1.1905679766879613,High reliability
51107,Married or cohabitating couple,Without own children,39822,1041.7298114194487,1.5902526293975496,High reliability
51109,Householder with no partner,Living alone,3287,345.9277381188158,6.39763974168879,High reliability
51109,Householder with no partner,With only nonrelatives present,308,132.41223508422476,26.134337639486983,Medium reliability
51109,Householder with no partner,With own children,405,146.102703602637,21.92993412175121,Medium reliability
51109,Householder with no partner,"With relatives, no own children",859,190.68822721919673,13.494749122942611,High reliability
51109,Married or cohabitating couple,With own children,2775,337.2847461715398,7.3886962112114745,High reliability
51109,Married or cohabitating couple,Without own children,6237,409.5753898856717,3.9920153909010665,High reliability
51111,Householder with no partner,Living alone,1171,189.21152184790438,9.822562060738587,High reliability
51111,Householder with no partner,With only nonrelatives present,40,33.61547262794322,51.0873444193666,Low reliability
51111,Householder with no partner,With own children,209,89.19641248391103,25.943896244647703,Medium reliability
51111,Householder with no partner,"With relatives, no own children",423,126.49110640673517,18.178319056491148,Medium reliability
51111,Married or cohabitating couple,With own children,683,144.80331487918363,12.888189053227858,High reliability
51111,Married or cohabitating couple,Without own children,1767,177.12425017484196,6.093622875818302,High reliability
51113,Householder with no partner,Living alone,1265,272.44265451650557,13.092382210627754,High reliability
51113,Householder with no partner,With only nonrelatives present,74,61.587336360651285,50.593392229237885,Low reliability
51113,Householder with no partner,With own children,224,103.9471019317037,28.209699829489715,Medium reliability
51113,Householder with no partner,"With relatives, no own children",362,133.4053971921676,22.402625936987626,Medium reliability
51113,Married or cohabitating couple,With own children,923,217.59825366946308,14.331373094176389,High reliability
51113,Married or cohabitating couple,Without own children,2101,228.0350850198276,6.5979605896114775,High reliability
51115,Householder with no partner,Living alone,1128,233.77339455121918,12.598535997284872,High reliability
51115,Householder with no partner,With only nonrelatives present,79,78.7210264160726,60.57560418304229,Low reliability
51115,Householder with no partner,With own children,45,53.75872022286245,72.62238463068213,Low reliability
51115,Householder with no partner,"With relatives, no own children",177,115.96551211459379,39.82810850019535,Low reliability
51115,Married or cohabitating couple,With own children,643,238.0756182392477,22.50805903550962,Medium reliability
51115,Married or cohabitating couple,Without own children,1848,318.67538342332,10.482880808409321,High reliability
51117,Householder with no partner,Living alone,4018,406.97051490249265,6.1572545869195405,High reliability
51117,Householder with no partner,With only nonrelatives present,126,69.1158447825099,33.34580247141887,Low reliability
51117,Householder with no partner,With own children,888,166.37307474468338,11.389487304189831,High reliability
51117,Householder with no partner,"With relatives, no own children",1054,201.00995000248122,11.593405928059914,High reliability
51117,Married or cohabitating couple,With own children,1429,217.00230413523263,9.231371190142218,High reliability
51117,Married or cohabitating couple,Without own children,4560,318.2011942152323,4.242003868917403,High reliability
51119,Householder with no partner,Living alone,1566,219.27608168699112,8.512038946418036,High reliability
51119,Householder with no partner,With only nonrelatives present,55,40.607881008493905,44.88298536445859,Low reliability
51119,Householder with no partner,With own children,99,48.16637831516918,29.576235494869163,Medium reliability
51119,Householder with no partner,"With relatives, no own children",417,133.4053971921676,19.447843139543217,Medium reliability
51119,Married or cohabitating couple,With own children,528,125.67020331009256,14.468799312666086,High reliability
51119,Married or cohabitating couple,Without own children,1938,182.02472359545007,5.709666017216071,High reliability
51121,Householder with no partner,Living alone,9799,690.5251624669444,4.28382626021292,High reliability
51121,Householder with no partner,With only nonrelatives present,4614,410.4631530356897,5.407925305113283,High reliability
51121,Householder with no partner,With own children,1742,360.9348971767623,12.595482856122556,High reliability
51121,Householder with no partner,"With relatives, no own children",1706,276.55198426335687,9.854437734987078,High reliability
51121,Married or cohabitating couple,With own children,6112,351.38582783032103,3.494901930233623,High reliability
51121,Married or cohabitating couple,Without own children,11712,624.347659561562,3.240630551480527,High reliability
51125,Householder with no partner,Living alone,1560,274.40481045346127,10.69304070039207,High reliability
51125,Householder with no partner,With only nonrelatives present,54,40.311288741492746,45.3802642592511,Low reliability
51125,Householder with no partner,With own children,280,122.56018929489298,26.608812265499992,Medium reliability
51125,Householder with no partner,"With relatives, no own children",704,204.63626267111115,17.67030452741703,Medium reliability
51125,Married or cohabitating couple,With own children,877,216.83173199511182,15.029943333699217,Medium reliability
51125,Married or cohabitating couple,Without own children,2944,236.6981199756348,4.887548730830307,High reliability
51127,Householder with no partner,Living alone,1563,284.26044395940846,11.05583502847608,High reliability
51127,Householder with no partner,With only nonrelatives present,52,55.036351623268054,64.33990135991122,Low reliability
51127,Householder with no partner,With own children,288,139.5600229292042,29.45795823395901,Medium reliability
51127,Householder with no partner,"With relatives, no own children",528,144.99655168313487,16.693901593802945,Medium reliability
51127,Married or cohabitating couple,With own children,2144,226.45970944077447,6.420964405955814,High reliability
51127,Married or cohabitating couple,Without own children,3386,269.69983314789056,4.842033855620238,High reliability
51131,Householder with no partner,Living alone,1806,224.93110056192762,7.5712198972667135,High reliability
51131,Householder with no partner,With only nonrelatives present,77,49.20365840057018,38.84550459919487,Low reliability
51131,Householder with no partner,With own children,362,119,19.983542964617374,Medium reliability
51131,Householder with no partner,"With relatives, no own children",483,131.51805959639154,16.55283399678951,Medium reliability
51131,Married or cohabitating couple,With own children,565,107.20541031123382,11.534595078810428,High reliability
51131,Married or cohabitating couple,Without own children,1855,191.48106956041372,6.275033207233018,High reliability
51133,Householder with no partner,Living alone,1579,232,8.931819800535523,High reliability
51133,Householder with no partner,With only nonrelatives present,49,42.20189569201838,52.35642415733315,Low reliability
51133,Householder with no partner,With own children,164,102.1420579389313,37.86124172990262,Low reliability
51133,Householder with no partner,"With relatives, no own children",479,161.0496817755316,20.438944073650347,Medium reliability
51133,Married or cohabitating couple,With own children,645,182.80043763623763,17.228664511791674,Medium reliability
51133,Married or cohabitating couple,Without own children,2668,258.79142180528316,5.896552220970438,High reliability
51135,Householder with no partner,Living alone,1658,232.26062946612367,8.515794452103778,High reliability
51135,Householder with no partner,With only nonrelatives present,54,39.824615503479755,44.832393902375046,Low reliability
51135,Householder with no partner,With own children,476,142.70599146496969,18.225076174934188,Medium reliability
51135,Householder with no partner,"With relatives, no own children",731,182.40888136272312,15.169200816861869,Medium reliability
51135,Married or cohabitating couple,With own children,961,209.0598000573042,13.224560286258564,High reliability
51135,Married or cohabitating couple,Without own children,1566,176.81911661356077,6.8639096225475535,High reliability
51137,Householder with no partner,Living alone,3567,439.9784085611475,7.4982920704422,High reliability
51137,Householder with no partner,With only nonrelatives present,119,82.09750300709517,41.93890475701523,Low reliability
51137,Householder with no partner,With own children,816,236.90715480964266,17.649081799395276,Medium reliability
51137,Householder with no partner,"With relatives, no own children",900,232.568269546815,15.708765251389057,Medium reliability
51137,Married or cohabitating couple,With own children,2653,310.36752407428196,7.111694945889827,High reliability
51137,Married or cohabitating couple,Without own children,5624,422.5115383039853,4.566961592134288,High reliability
51139,Householder with no partner,Living alone,2248,283.21193477676746,7.658599194603713,High reliability
51139,Householder with no partner,With only nonrelatives present,152,80.95677859203639,32.37753103184946,Low reliability
51139,Householder with no partner,With own children,475,141.4213562373095,18.099037752335246,Medium reliability
51139,Householder with no partner,"With relatives, no own children",770,176.13914953808538,13.905905304392324,High reliability
51139,Married or cohabitating couple,With own children,1581,213.10091506138588,8.19384119017381,High reliability
51139,Married or cohabitating couple,Without own children,4060,319.6810910892291,4.786576595583408,High reliability
51141,Householder with no partner,Living alone,2504,262.36043909095747,6.369394114485698,High reliability
51141,Householder with no partner,With only nonrelatives present,70,49.92995093127971,43.36079108230978,Low reliability
51141,Householder with no partner,With own children,307,107.70329614269008,21.32675190691169,Medium reliability
51141,Householder with no partner,"With relatives, no own children",601,145.91093173576817,14.758677961833436,High reliability
51141,Married or cohabitating couple,With own children,1190,212.07781590727495,10.833839028748942,High reliability
51141,Married or cohabitating couple,Without own children,3083,273.86493021195685,5.400040228687308,High reliability
51143,Householder with no partner,Living alone,6838,432.78285548297777,3.847468291204593,High reliability
51143,Householder with no partner,With only nonrelatives present,337,110.11357772772621,19.863010422325765,Medium reliability
51143,Householder with no partner,With own children,1918,290.37389689846435,9.20328916895019,High reliability
51143,Householder with no partner,"With relatives, no own children",2559,320.4325201973108,7.612028354477155,High reliability
51143,Married or cohabitating couple,With own children,4598,344.3544685349676,4.552719082764511,High reliability
51143,Married or cohabitating couple,Without own children,10017,432.64997399745675,2.6256274606570456,High reliability
51145,Householder with no partner,Living alone,1778,294.24479604574145,10.060304636736795,High reliability
51145,Householder with no partner,With only nonrelatives present,193,109.41663493271945,34.463560461980705,Low reliability
51145,Householder with no partner,With own children,186,91.92388155425118,30.04342960233068,Low reliability
51145,Householder with no partner,"With relatives, no own children",642,165.51737068960466,15.67265769864355,Medium reliability
51145,Married or cohabitating couple,With own children,2790,247.41261083461367,5.39078146734677,High reliability
51145,Married or cohabitating couple,Without own children,4676,338.9527990738533,4.40655119297471,High reliability
51147,Householder with no partner,Living alone,2256,312.1233730434169,8.410489907182116,High reliability
51147,Householder with no partner,With only nonrelatives present,356,135.36986370680884,23.115649005636566,Medium reliability
51147,Householder with no partner,With own children,521,170.60187572239644,19.90582474927179,Medium reliability
51147,Householder with no partner,"With relatives, no own children",698,205.30221625691235,17.880197547218046,Medium reliability
51147,Married or cohabitating couple,With own children,931,195.7268504830137,12.780116845501531,High reliability
51147,Married or cohabitating couple,Without own children,2423,250.05999280172747,6.273716619020293,High reliability
51149,Householder with no partner,Living alone,2511,305.1245647272602,7.386939768417387,High reliability
51149,Householder with no partner,With only nonrelatives present,365,187.20042734993956,31.177986817660752,Low reliability
51149,Householder with no partner,With own children,706,181.6645259812713,15.642260948816597,Medium reliability
51149,Householder with no partner,"With relatives, no own children",726,165.05150711217394,13.820284116001739,High reliability
51149,Married or cohabitating couple,With own children,2735,276.24807691638324,6.140108287067525,High reliability
51149,Married or cohabitating couple,Without own children,4464,314.5600101729398,4.283644504539386,High reliability
51153,Householder with no partner,Living alone,26339,1024.2431351978885,2.36394777238207,High reliability
51153,Householder with no partner,With only nonrelatives present,3007,454.00991178607546,9.178379359732569,High reliability
51153,Householder with no partner,With own children,9272,699.0350491928141,4.583103091654936,High reliability
51153,Householder with no partner,"With relatives, no own children",10349,680.342560773615,3.9963484763141146,High reliability
51153,Married or cohabitating couple,With own children,47780,1177.931237381877,1.4986764786704476,High reliability
51153,Married or cohabitating couple,Without own children,45253,938.7193403781558,1.2610214901578418,High reliability
51155,Householder with no partner,Living alone,4239,368.76144050049487,5.288301213733164,High reliability
51155,Householder with no partner,With only nonrelatives present,157,81.02468759581859,31.372693781897894,Low reliability
51155,Householder with no partner,With own children,601,166.0903368652132,16.79979536286667,Medium reliability
51155,Householder with no partner,"With relatives, no own children",1248,239.98541622356973,11.689726844340353,High reliability
51155,Married or cohabitating couple,With own children,2352,262.9752840097335,6.796913032941854,High reliability
51155,Married or cohabitating couple,Without own children,5936,395.47692726630714,4.050059062280405,High reliability
51157,Householder with no partner,Living alone,820,153.18289721767243,11.356134421949177,High reliability
51157,Householder with no partner,With only nonrelatives present,45,46.17358552246078,62.37566433294263,Low reliability
51157,Householder with no partner,With own children,110,61.40032573203501,33.93220543356452,Low reliability
51157,Householder with no partner,"With relatives, no own children",245,77.00649323271382,19.10712567029684,Medium reliability
51157,Married or cohabitating couple,With own children,424,119.33147112141039,17.108945220136835,Medium reliability
51157,Married or cohabitating couple,Without own children,1269,159.26079241294764,7.62924124315619,High reliability
51159,Householder with no partner,Living alone,836,168.2914139223983,12.237417571181213,High reliability
51159,Householder with no partner,With only nonrelatives present,30,38.91015291668744,78.84529466400696,Low reliability
51159,Householder with no partner,With own children,46,38.01315561749642,50.23543758093885,Low reliability
51159,Householder with no partner,"With relatives, no own children",244,96.17692030835673,23.961562685823093,Medium reliability
51159,Married or cohabitating couple,With own children,569,125.86500705120545,13.447044305447669,High reliability
51159,Married or cohabitating couple,Without own children,1344,173.3032025093593,7.838652595769978,High reliability
51161,Householder with no partner,Living alone,10627,583.8295984274864,3.3397159121700755,High reliability
51161,Householder with no partner,With only nonrelatives present,406,120.22063050907694,18.000603487067384,Medium reliability
51161,Householder with no partner,With own children,1935,289.0069203323685,9.079488241162036,High reliability
51161,Householder with no partner,"With relatives, no own children",2387,304.33205549202336,7.7504938857520616,High reliability
51161,Married or cohabitating couple,With own children,8021,499.80196078046754,3.7879438872690767,High reliability
51161,Married or cohabitating couple,Without own children,14846,558.8067644544042,2.288159509380006,High reliability
51163,Householder with no partner,Living alone,2547,319.64042297556796,7.628986553715808,High reliability
51163,Householder with no partner,With only nonrelatives present,146,83.00602387778854,34.56136231743704,Low reliability
51163,Householder with no partner,With own children,400,156.42570121306792,23.772902919919137,Medium reliability
51163,Householder with no partner,"With relatives, no own children",590,152.26621424334422,15.688652232584023,Medium reliability
51163,Married or cohabitating couple,With own children,1704,250,8.918760791700556,High reliability
51163,Married or cohabitating couple,Without own children,3861,335.8764653857129,5.288273041154478,High reliability
51165,Householder with no partner,Living alone,7378,487.2381347965284,4.014548590581285,High reliability
51165,Householder with no partner,With only nonrelatives present,606,203.21663317750347,20.385469838344363,Medium reliability
51165,Householder with no partner,With own children,1085,221.35943621178654,12.402304775638314,High reliability
51165,Householder with no partner,"With relatives, no own children",2073,273.80467490530543,8.029262464287706,High reliability
51165,Married or cohabitating couple,With own children,7141,374.98933318162534,3.1922285596946725,High reliability
51165,Married or cohabitating couple,Without own children,12711,489.4006538614349,2.3405553950778812,High reliability
51167,Householder with no partner,Living alone,3327,325.29678756483287,5.943757349873565,High reliability
51167,Householder with no partner,With only nonrelatives present,246,123.82245353731285,30.598377329012,Low reliability
51167,Householder with no partner,With own children,397,146.24978632463024,22.39436906351286,Medium reliability
51167,Householder with no partner,"With relatives, no own children",718,208.47062143141417,17.650398475282923,Medium reliability
51167,Married or cohabitating couple,With own children,1704,245.5442933566162,8.759803264859233,High reliability
51167,Married or cohabitating couple,Without own children,4420,390.4971190674779,5.370684771726718,High reliability
51169,Householder with no partner,Living alone,2930,280.5298558086109,5.820302619554776,High reliability
51169,Householder with no partner,With only nonrelatives present,77,43.04648650006177,33.984515454199475,Low reliability
51169,Householder with no partner,With own children,365,103.07764064044152,17.1674464988036,Medium reliability
51169,Householder with no partner,"With relatives, no own children",569,108.67382389517726,11.610389249542179,High reliability
51169,Married or cohabitating couple,With own children,1338,173.61163555476344,7.887816754797273,High reliability
51169,Married or cohabitating couple,Without own children,3494,237.9327636119078,4.139667369192308,High reliability
51171,Householder with no partner,Living alone,5161,420.1380725428249,4.948713110107722,High reliability
51171,Householder with no partner,With only nonrelatives present,284,123.4382436686459,26.421988027879166,Medium reliability
51171,Householder with no partner,With own children,669,160.46183346827368,14.580745518491392,High reliability
51171,Householder with no partner,"With relatives, no own children",1158,212.8966885604377,11.176207199313232,High reliability
51171,Married or cohabitating couple,With own children,3337,309.6078164387973,5.640139004034114,High reliability
51171,Married or cohabitating couple,Without own children,6793,377.068959210381,3.374374382446985,High reliability
51173,Householder with no partner,Living alone,3807,307.14817271147814,4.904549892678551,High reliability
51173,Householder with no partner,With only nonrelatives present,134,56.60388679233962,25.678848973524303,Medium reliability
51173,Householder with no partner,With own children,951,200.32473636573192,12.805252916669508,High reliability
51173,Householder with no partner,"With relatives, no own children",1009,175.32826355154492,10.563184443446366,High reliability
51173,Married or cohabitating couple,With own children,2209,187.8004259846074,5.168148152820732,High reliability
51173,Married or cohabitating couple,Without own children,4576,301.39177161959816,4.003865438014089,High reliability
51175,Householder with no partner,Living alone,1653,213.56497840235883,7.854006932310924,High reliability
51175,Householder with no partner,With only nonrelatives present,48,34.132096331752024,43.22707235530905,Low reliability
51175,Householder with no partner,With own children,498,125.23977004130916,15.287871246848688,Medium reliability
51175,Householder with no partner,"With relatives, no own children",650,142.52368224263643,13.32931327964802,High reliability
51175,Married or cohabitating couple,With own children,1232,186.27130750601393,9.191139398512508,High reliability
51175,Married or cohabitating couple,Without own children,2481,205.7692882818036,5.041826410367513,High reliability
51177,Householder with no partner,Living alone,8464,517.1663175420457,3.7144000375058583,High reliability
51177,Householder with no partner,With only nonrelatives present,836,173.95401691251627,12.649177361623323,High reliability
51177,Householder with no partner,With own children,2711,367.6193683689694,8.243335288719479,High reliability
51177,Householder with no partner,"With relatives, no own children",3587,349.2921413373052,5.9195887435005545,High reliability
51177,Married or cohabitating couple,With own children,11472,498.26197928399074,2.6402965501519264,High reliability
51177,Married or cohabitating couple,Without own children,17366,601.5064421932653,2.1055937560039073,High reliability
51179,Householder with no partner,Living alone,7210,539.2902743421208,4.546963010190345,High reliability
51179,Householder with no partner,With only nonrelatives present,650,163.783393541592,15.317595842094178,Medium reliability
51179,Householder with no partner,With own children,3297,401.8220999397619,7.408818737117779,High reliability
51179,Householder with no partner,"With relatives, no own children",2880,363.9258166165187,7.681649286907268,High reliability
51179,Married or cohabitating couple,With own children,15363,590.8790062271632,2.338065249442373,High reliability
51179,Married or cohabitating couple,Without own children,17675,617.5597137119616,2.1239956963993127,High reliability
51181,Householder with no partner,Living alone,708,127.20062892926276,10.92169636883406,High reliability
51181,Householder with no partner,With only nonrelatives present,55,36.05551275463989,39.851354246631544,Low reliability
51181,Householder with no partner,With own children,152,69.31810730249349,27.722807271833904,Medium reliability
51181,Householder with no partner,"With relatives, no own children",264,88.23831367382311,20.318300099894795,Medium reliability
51181,Married or cohabitating couple,With own children,422,95.51963149007642,13.759868550407873,High reliability
51181,Married or cohabitating couple,Without own children,1129,125.67418191498204,6.766844904842602,High reliability
51183,Householder with no partner,Living alone,1074,141.42842712835352,8.005095692514052,High reliability
51183,Householder with no partner,With only nonrelatives present,133,72.89718787443039,33.31909768696683,Low reliability
51183,Householder with no partner,With own children,357,108.45275469069469,18.4674303237371,Medium reliability
51183,Householder with no partner,"With relatives, no own children",411,96.56603957913983,14.282909883838785,High reliability
51183,Married or cohabitating couple,With own children,574,113.87712676389407,12.060316529224242,High reliability
51183,Married or cohabitating couple,Without own children,1245,130.64838307457157,6.379237708259009,High reliability
51185,Householder with no partner,Living alone,4887,427.0140512910553,5.3117047248491325,High reliability
51185,Householder with no partner,With only nonrelatives present,221,98.67117106835208,27.14139131836556,Medium reliability
51185,Householder with no partner,With own children,710,204.68512403201166,17.52516152506628,Medium reliability
51185,Householder with no partner,"With relatives, no own children",1758,277.31750756127894,9.589423860399492,High reliability
51185,Married or cohabitating couple,With own children,2658,289.58073140317885,6.622908908432165,High reliability
51185,Married or cohabitating couple,Without own children,6297,411.1082582483597,3.9687761600990066,High reliability
51187,Householder with no partner,Living alone,3813,342.14762895568924,5.454825061849507,High reliability
51187,Householder with no partner,With only nonrelatives present,309,119.6703806294607,23.543026456450498,Medium reliability
51187,Householder with no partner,With own children,940,217.0829334609241,14.038862669658156,High reliability
51187,Householder with no partner,"With relatives, no own children",1455,253.28639916110774,10.58237078561956,High reliability
51187,Married or cohabitating couple,With own children,2609,280.3176769310134,6.531463496850705,High reliability
51187,Married or cohabitating couple,Without own children,5525,350.16853085335924,3.8528218608794975,High reliability
51191,Householder with no partner,Living alone,6760,502.4261139709997,4.5181391878833095,High reliability
51191,Householder with no partner,With only nonrelatives present,247,88.48163651289458,21.77661088389417,Medium reliability
51191,Householder with no partner,With own children,986,207.84850252046562,12.814571325022387,High reliability
51191,Householder with no partner,"With relatives, no own children",1858,267.44158240632663,8.750186735625345,High reliability
51191,Married or cohabitating couple,With own children,3728,350.202798389733,5.71054826026542,High reliability
51191,Married or cohabitating couple,Without own children,8742,507.20902988807285,3.5270390845443256,High reliability
51193,Householder with no partner,Living alone,2546,338.9542742022882,8.093135527027036,High reliability
51193,Householder with no partner,With only nonrelatives present,301,144.58907289280197,29.20135978204404,Medium reliability
51193,Householder with no partner,With own children,443,168.6801707374047,23.14698357254759,Medium reliability
51193,Householder with no partner,"With relatives, no own children",618,179.44915714485816,17.65172063474274,Medium reliability
51193,Married or cohabitating couple,With own children,1039,231.38712150852302,13.538100494602482,High reliability
51193,Married or cohabitating couple,Without own children,2976,264.91130591199766,5.411300656763688,High reliability
51195,Householder with no partner,Living alone,4271,422.30320860727545,6.010753353994465,High reliability
51195,Householder with no partner,With only nonrelatives present,399,144.61673485458036,22.033310457691393,Medium reliability
51195,Householder with no partner,With own children,931,239.8520377232597,15.661300737074537,Medium reliability
51195,Householder with no partner,"With relatives, no own children",1393,231.6139028642279,10.107589744826079,High reliability
51195,Married or cohabitating couple,With own children,2713,326.7414880299103,7.321306464986445,High reliability
51195,Married or cohabitating couple,Without own children,5218,378.7241740369896,4.412178256432778,High reliability
51197,Householder with no partner,Living alone,3385,306.5697310564107,5.505600536182976,High reliability
51197,Householder with no partner,With only nonrelatives present,222,113.46365056704283,31.069758363329452,Low reliability
51197,Householder with no partner,With own children,627,222.82953125651906,21.604255440973716,Medium reliability
51197,Householder with no partner,"With relatives, no own children",654,169.03549923019128,15.712101282748323,Medium reliability
51197,Married or cohabitating couple,With own children,2019,289.3890115398302,8.713242781413358,High reliability
51197,Married or cohabitating couple,Without own children,5076,379.19124462466164,4.541201633345329,High reliability
51199,Householder with no partner,Living alone,5034,465.15481293866026,5.617180835228172,High reliability
51199,Householder with no partner,With only nonrelatives present,549,190.53870997778904,21.098179057561307,Medium reliability
51199,Householder with no partner,With own children,1942,310.64449134018133,9.724080127345962,High reliability
51199,Householder with no partner,"With relatives, no own children",1176,262.5147614897113,13.570020547200922,High reliability
51199,Married or cohabitating couple,With own children,6583,400.76926029824193,3.700876950700057,High reliability
51199,Married or cohabitating couple,Without own children,9819,503.3696454892766,3.1164047712797784,High reliability
51510,Householder with no partner,Living alone,29148,944.5782127489497,1.969986549617964,High reliability
51510,Householder with no partner,With only nonrelatives present,3562,382.65519727294964,6.5305205277754474,High reliability
51510,Householder with no partner,With own children,3308,436.23158986941786,8.016516832536723,High reliability
51510,Householder with no partner,"With relatives, no own children",4482,479.5268501345884,6.503919767344805,High reliability
51510,Married or cohabitating couple,With own children,11627,600.7270594870852,3.1408241402640544,High reliability
51510,Married or cohabitating couple,Without own children,18471,838.8432511500584,2.7607336207141056,High reliability
51520,Householder with no partner,Living alone,2774,296.7237772744207,6.5024944452596225,High reliability
51520,Householder with no partner,With only nonrelatives present,82,65.5133574166368,48.567986816396164,Low reliability
51520,Householder with no partner,With own children,557,159.13830462839547,17.368152731840187,Medium reliability
51520,Householder with no partner,"With relatives, no own children",528,139.08630414242805,16.01343650898361,Medium reliability
51520,Married or cohabitating couple,With own children,946,182.8332573685652,11.74892571946286,High reliability
51520,Married or cohabitating couple,Without own children,2447,241.1389640850271,5.990561337063736,High reliability
51530,Householder with no partner,Living alone,645,163.44418007380992,15.404366539319048,Medium reliability
51530,Householder with no partner,With only nonrelatives present,24,32.7566787083184,82.97031081134345,Low reliability
51530,Householder with no partner,With own children,201,116.1077086157504,35.11551924745585,Low reliability
51530,Householder with no partner,"With relatives, no own children",416,181.94504664870655,26.587714322057888,Medium reliability
51530,Married or cohabitating couple,With own children,389,124.16923934694937,19.404323977301217,Medium reliability
51530,Married or cohabitating couple,Without own children,842,172.40939649566667,12.447523012632152,High reliability
51540,Householder with no partner,Living alone,6438,404.5985664828782,3.8203879367743214,High reliability
51540,Householder with no partner,With only nonrelatives present,2800,300.29319006597535,6.519608989708541,High reliability
51540,Householder with no partner,With own children,1114,257.8003103178893,14.067999449825614,High reliability
51540,Householder with no partner,"With relatives, no own children",1402,245.52392958732148,10.645839403861677,High reliability
51540,Married or cohabitating couple,With own children,2611,259.0463279029448,6.031212997685611,High reliability
51540,Married or cohabitating couple,Without own children,4252,351.7456467392312,5.028860321611303,High reliability
51550,Householder with no partner,Living alone,18147,944.025953033072,3.162373721775617,High reliability
51550,Householder with no partner,With only nonrelatives present,1453,274.2571785751469,11.474307577662268,High reliability
51550,Householder with no partner,With own children,7303,610.1966896009843,5.079285729693334,High reliability
51550,Householder with no partner,"With relatives, no own children",7379,628.1560315717744,5.174925734550027,High reliability
51550,Married or cohabitating couple,With own children,21096,817.9889974810175,2.3571186444282426,High reliability
51550,Married or cohabitating couple,Without own children,29471,878.5721370496562,1.8122439194506827,High reliability
51570,Householder with no partner,Living alone,2302,249.0461804565571,6.5767095734529,High reliability
51570,Householder with no partner,With only nonrelatives present,73,48.27007354458868,40.19658870349227,Low reliability
51570,Householder with no partner,With own children,694,147.58048651498612,12.92717312220125,High reliability
51570,Householder with no partner,"With relatives, no own children",482,113.6001760562016,14.327356386913898,High reliability
51570,Married or cohabitating couple,With own children,1207,169.11830178901394,8.517603835227332,High reliability
51570,Married or cohabitating couple,Without own children,2278,188.91532494744834,5.041358332976144,High reliability
51580,Householder with no partner,Living alone,816,140.03570973148243,10.43236409585512,High reliability
51580,Householder with no partner,With only nonrelatives present,26,38.91015291668744,90.97533999693111,Low reliability
51580,Householder with no partner,With own children,211,93.81364506296512,27.028232922676825,Medium reliability
51580,Householder with no partner,"With relatives, no own children",56,32.2490309931942,35.00763242856513,Low reliability
51580,Married or cohabitating couple,With own children,475,117.00427342623003,14.974151134375942,High reliability
51580,Married or cohabitating couple,Without own children,800,128.4562182223967,9.761110807173,High reliability
51590,Householder with no partner,Living alone,6795,461.0357903677327,4.124575690311646,High reliability
51590,Householder with no partner,With only nonrelatives present,481,179.24564150907548,22.653620750725185,Medium reliability
51590,Householder with no partner,With own children,1948,285.5748588373984,8.91179352644122,High reliability
51590,Householder with no partner,"With relatives, no own children",2264,307.82624969290714,8.265389543560289,High reliability
51590,Married or cohabitating couple,With own children,2134,299.4561737550255,8.53046987847715,High reliability
51590,Married or cohabitating couple,Without own children,4671,373.26800023575555,4.857859953782675,High reliability
51595,Householder with no partner,Living alone,729,161.47135968957468,13.46486711526175,High reliability
51595,Householder with no partner,With only nonrelatives present,16,17.88854381999832,67.96559202127021,Low reliability
51595,Householder with no partner,With own children,429,150.0966355385756,21.269033879393742,Medium reliability
51595,Householder with no partner,"With relatives, no own children",210,86.16263691415206,24.942144134940527,Medium reliability
51595,Married or cohabitating couple,With own children,233,90.4267659490264,23.592565831959615,Medium reliability
51595,Married or cohabitating couple,Without own children,469,136.12494260788506,17.644077822941533,Medium reliability
51600,Householder with no partner,Living alone,1757,226.80828909014767,7.847318121007854,High reliability
51600,Householder with no partner,With only nonrelatives present,647,149.4824404403407,14.044943502660463,High reliability
51600,Householder with no partner,With own children,245,110.16805344563369,27.335290229051218,Medium reliability
51600,Householder with no partner,"With relatives, no own children",582,150.2431362824938,15.69299201814243,Medium reliability
51600,Married or cohabitating couple,With own children,2324,203.7670238286853,5.33005728067333,High reliability
51600,Married or cohabitating couple,Without own children,3022,230.6707610426601,4.640151775382958,High reliability
51610,Householder with no partner,Living alone,1580,212.80037593951755,8.187463965969664,High reliability
51610,Householder with no partner,With only nonrelatives present,136,73.24616030891995,32.74010383913819,Low reliability
51610,Householder with no partner,With own children,440,136.48809471891678,18.857155943481178,Medium reliability
51610,Householder with no partner,"With relatives, no own children",217,108.81176406988355,30.482474211724835,Low reliability
51610,Married or cohabitating couple,With own children,1497,132.9661611087573,5.399498535419666,High reliability
51610,Married or cohabitating couple,Without own children,1623,172.88724649319857,6.475577947446137,High reliability
51620,Householder with no partner,Living alone,1268,246.78938388836744,11.831541133554861,High reliability
51620,Householder with no partner,With only nonrelatives present,0,17,Inf,Low reliability
51620,Householder with no partner,With own children,505,202.89159667172024,24.423436958285862,Medium reliability
51620,Householder with no partner,"With relatives, no own children",408,151.6047492659778,22.588466128192653,Medium reliability
51620,Married or cohabitating couple,With own children,390,172.6528308484978,26.911827737276568,Medium reliability
51620,Married or cohabitating couple,Without own children,951,193.03885619221847,12.339521424718084,High reliability
51630,Householder with no partner,Living alone,3992,368.0230971012553,5.604264716381933,High reliability
51630,Householder with no partner,With only nonrelatives present,606,157.07959765672945,15.757280052236444,Medium reliability
51630,Householder with no partner,With own children,946,245.58908770545975,15.78163617763225,Medium reliability
51630,Householder with no partner,"With relatives, no own children",746,239.9416595758227,19.552438502882463,Medium reliability
51630,Married or cohabitating couple,With own children,1638,290.9931270666027,10.799482171771592,High reliability
51630,Married or cohabitating couple,Without own children,2834,314.6823795511913,6.750045143346023,High reliability
51640,Householder with no partner,Living alone,934,199.64969321288726,12.994389149709864,High reliability
51640,Householder with no partner,With only nonrelatives present,14,26.248809496813376,113.97659355976282,Low reliability
51640,Householder with no partner,With own children,193,90.37698822156003,28.46653801646063,Medium reliability
51640,Householder with no partner,"With relatives, no own children",243,93.86160024205851,23.480956193993148,Medium reliability
51640,Married or cohabitating couple,With own children,548,125.93649193144932,13.970280648220587,High reliability
51640,Married or cohabitating couple,Without own children,731,128.5496013218244,10.690239986180766,High reliability
51650,Householder with no partner,Living alone,17617,869.5889833708796,3.0006557405120384,High reliability
51650,Householder with no partner,With only nonrelatives present,2342,362.9008128952042,9.419658279111044,High reliability
51650,Householder with no partner,With own children,4851,492.66012625338374,6.173767026425582,High reliability
51650,Householder with no partner,"With relatives, no own children",5702,495.0979701028878,5.278348130426031,High reliability
51650,Married or cohabitating couple,With own children,8143,585.0709358701729,4.367754174302824,High reliability
51650,Married or cohabitating couple,Without own children,15395,648.2669203345177,2.5598131487230105,High reliability
51660,Householder with no partner,Living alone,4976,447.89396066479844,5.4717838410363475,High reliability
51660,Householder with no partner,With only nonrelatives present,2217,283.17662332897464,7.76472007077048,High reliability
51660,Householder with no partner,With own children,1397,296.6226559115133,12.90749634633978,High reliability
51660,Householder with no partner,"With relatives, no own children",1182,237.9663841806233,12.238613867620348,High reliability
51660,Married or cohabitating couple,With own children,3229,352.8994190984168,6.643806820943873,High reliability
51660,Married or cohabitating couple,Without own children,3722,297.5987231155403,4.860587799080801,High reliability
51670,Householder with no partner,Living alone,2786,353.61702447704636,7.715892193862198,High reliability
51670,Householder with no partner,With only nonrelatives present,252,118.3427226321923,28.54796223095294,Medium reliability
51670,Householder with no partner,With own children,1134,223.8861317723811,12.001851142759639,High reliability
51670,Householder with no partner,"With relatives, no own children",1068,267.52943763257156,15.22770383710549,Medium reliability
51670,Married or cohabitating couple,With own children,1470,251.22300850041583,10.389058102285459,High reliability
51670,Married or cohabitating couple,Without own children,2514,315.56932677305633,7.63068643615344,High reliability
51678,Householder with no partner,Living alone,1065,249.92798962901293,14.26590690977142,High reliability
51678,Householder with no partner,With only nonrelatives present,158,96.21330469326995,37.017931088942305,Low reliability
51678,Householder with no partner,With own children,59,48.76474136094644,50.2444401225557,Low reliability
51678,Householder with no partner,"With relatives, no own children",138,94.42986815621421,41.59722838474702,Low reliability
51678,Married or cohabitating couple,With own children,248,79.30952023559341,19.440513833609526,Medium reliability
51678,Married or cohabitating couple,Without own children,490,147.59742545180114,18.311199733490618,Medium reliability
51680,Householder with no partner,Living alone,9034,508.8270826125512,3.4239248998047302,High reliability
51680,Householder with no partner,With only nonrelatives present,2132,333.1381094981479,9.498854037710155,High reliability
51680,Householder with no partner,With own children,2392,380.0328933131973,9.658153655884288,High reliability
51680,Householder with no partner,"With relatives, no own children",2466,343.14574163174456,8.45901196409145,High reliability
51680,Married or cohabitating couple,With own children,4180,346.1574786134195,5.034212396757167,High reliability
51680,Married or cohabitating couple,Without own children,8069,408.2670694533175,3.0758045403479906,High reliability
51683,Householder with no partner,Living alone,2844,311.66167553935793,6.66174349965924,High reliability
51683,Householder with no partner,With only nonrelatives present,229,90.35485598461214,23.98557385344292,Medium reliability
51683,Householder with no partner,With own children,1053,225.45953073667124,13.015903655595174,High reliability
51683,Householder with no partner,"With relatives, no own children",794,156.40012787718558,11.974315564085167,High reliability
51683,Married or cohabitating couple,With own children,3585,293.7771264070775,4.981531904839525,High reliability
51683,Married or cohabitating couple,Without own children,4393,352.08237672453873,4.872111084774115,High reliability
51685,Householder with no partner,Living alone,1013,238.0273093575609,14.284052566337364,High reliability
51685,Householder with no partner,With only nonrelatives present,89,63.245553203367585,43.19903910615593,Low reliability
51685,Householder with no partner,With own children,424,153.9415473483361,22.07110560135575,Medium reliability
51685,Householder with no partner,"With relatives, no own children",281,121.91800523302537,26.3751917777424,Medium reliability
51685,Married or cohabitating couple,With own children,1329,246.19707553096563,11.26139019584008,High reliability
51685,Married or cohabitating couple,Without own children,1505,269.8758974047145,10.90088347472819,High reliability
51690,Householder with no partner,Living alone,1981,248.50150904974402,7.625681329767871,High reliability
51690,Householder with no partner,With only nonrelatives present,130,81.5659242576212,38.14165268067393,Low reliability
51690,Householder with no partner,With own children,537,142.33762678926468,16.11311595877861,Medium reliability
51690,Householder with no partner,"With relatives, no own children",637,148.62705002791384,14.1837975338344,High reliability
51690,Married or cohabitating couple,With own children,748,152.55163060419906,12.397934967751821,High reliability
51690,Married or cohabitating couple,Without own children,1499,194.982050455933,7.907279643609742,High reliability
51700,Householder with no partner,Living alone,22973,899.4248162019992,2.3800235328508386,High reliability
51700,Householder with no partner,With only nonrelatives present,2113,299.8733065812961,8.627250515517519,High reliability
51700,Householder with no partner,With own children,7555,556.8635380414128,4.480726248977913,High reliability
51700,Householder with no partner,"With relatives, no own children",6575,609.183059514954,5.63230491767845,High reliability
51700,Married or cohabitating couple,With own children,11345,720.5005204717065,3.8606808053664046,High reliability
51700,Married or cohabitating couple,Without own children,19274,654.8175318361597,2.0652971303173264,High reliability
51710,Householder with no partner,Living alone,30052,989.6671157515541,2.0019344701232233,High reliability
51710,Householder with no partner,With only nonrelatives present,4448,366.7642294444757,5.012521996081374,High reliability
51710,Householder with no partner,With own children,9283,581.3957344184768,3.8073042916864197,High reliability
51710,Householder with no partner,"With relatives, no own children",8407,517.6021638285528,3.742735474299372,High reliability
51710,Married or cohabitating couple,With own children,13494,597.3575143915074,2.691086906086404,High reliability
51710,Married or cohabitating couple,Without own children,22669,739.747254134816,1.9837415828367462,High reliability
51720,Householder with no partner,Living alone,581,159.66527487215245,16.705844641839867,Medium reliability
51720,Householder with no partner,With only nonrelatives present,57,41.23105625617661,43.972757698689925,Low reliability
51720,Householder with no partner,With own children,258,121.79490958164057,28.697464617148643,Medium reliability
51720,Householder with no partner,"With relatives, no own children",111,58.69412236331676,32.144430221701995,Low reliability
51720,Married or cohabitating couple,With own children,286,99.72462083156798,21.19680762462388,Medium reliability
51720,Married or cohabitating couple,Without own children,335,91.92388155425118,16.680829570249273,Medium reliability
51730,Householder with no partner,Living alone,5590,404.6096884653159,4.400059686101603,High reliability
51730,Householder with no partner,With only nonrelatives present,427,133.86933928274988,19.058439709110694,Medium reliability
51730,Householder with no partner,With own children,1506,300.74075214376916,12.139516993576622,High reliability
51730,Householder with no partner,"With relatives, no own children",1938,275.85503439306666,8.652891126221895,High reliability
51730,Married or cohabitating couple,With own children,975,220.22942582679545,13.73108414476162,High reliability
51730,Married or cohabitating couple,Without own children,2729,323.9753077010654,7.2167634960102145,High reliability
51735,Householder with no partner,Living alone,953,205.9732992404598,13.13869171679641,High reliability
51735,Householder with no partner,With only nonrelatives present,50,38.948684188300895,47.35402332924121,Low reliability
51735,Householder with no partner,With own children,271,103.4456378974,23.20475507742348,Medium reliability
51735,Householder with no partner,"With relatives, no own children",254,107.91200118615167,25.826771937427107,Medium reliability
51735,Married or cohabitating couple,With own children,1169,136.56500283747664,7.101645749099801,High reliability
51735,Married or cohabitating couple,Without own children,1896,187.0320828093405,5.9966938173900095,High reliability
51740,Householder with no partner,Living alone,12548,606.495671872438,2.9382401820047517,High reliability
51740,Householder with no partner,With only nonrelatives present,1195,228.86240407720967,11.642349916811927,High reliability
51740,Householder with no partner,With own children,3783,413.2952939485278,6.6413782655653995,High reliability
51740,Householder with no partner,"With relatives, no own children",4063,381.47345910298924,5.707574682085261,High reliability
51740,Married or cohabitating couple,With own children,5279,451.62927274480336,5.200732531948903,High reliability
51740,Married or cohabitating couple,Without own children,9502,583.6308764964376,3.733853992641687,High reliability
51750,Householder with no partner,Living alone,2309,308.41530441921975,8.119814085999407,High reliability
51750,Householder with no partner,With only nonrelatives present,818,203.2141727340886,15.102011187051865,Medium reliability
51750,Householder with no partner,With own children,270,135.55810562264435,30.520793790981504,Low reliability
51750,Householder with no partner,"With relatives, no own children",515,175.5135322418189,20.717506092816585,Medium reliability
51750,Married or cohabitating couple,With own children,646,142.1724305201258,13.378794030143487,High reliability
51750,Married or cohabitating couple,Without own children,1015,180.49930747789588,10.810445594375905,High reliability
51760,Householder with no partner,Living alone,39199,1036.2070256469024,1.6069621304105632,High reliability
51760,Householder with no partner,With only nonrelatives present,6190,495.26154706377116,4.863826321145206,High reliability
51760,Householder with no partner,With own children,7049,515.7770836320668,4.448039439357125,High reliability
51760,Householder with no partner,"With relatives, no own children",8648,577.1490275483447,4.057012866255386,High reliability
51760,Married or cohabitating couple,With own children,8338,534.1769369787505,3.894550506880285,High reliability
51760,Married or cohabitating couple,Without own children,20877,721.2003882417147,2.100012879727635,High reliability
51770,Householder with no partner,Living alone,15959,744.0228491115041,2.834096906421124,High reliability
51770,Householder with no partner,With only nonrelatives present,1154,279.51744131627993,14.724386240341769,High reliability
51770,Householder with no partner,With own children,4078,475.94642555649057,7.094878226505492,High reliability
51770,Householder with no partner,"With relatives, no own children",3731,462.2520957226695,7.53160851003006,High reliability
51770,Married or cohabitating couple,With own children,4894,485.25457236382636,6.027535389948692,High reliability
51770,Married or cohabitating couple,Without own children,11924,702.9743949817803,3.583864959239215,High reliability
51775,Householder with no partner,Living alone,3281,326.83329083800504,6.055557804731952,High reliability
51775,Householder with no partner,With only nonrelatives present,164,79.20227269466452,29.358096484047934,Medium reliability
51775,Householder with no partner,With own children,735,197.85095400325974,16.36382805063869,Medium reliability
51775,Householder with no partner,"With relatives, no own children",887,202.2325394193526,13.859945200985022,High reliability
51775,Married or cohabitating couple,With own children,1639,219.18485349129398,8.129534596167282,High reliability
51775,Married or cohabitating couple,Without own children,3206,284.8596145472362,5.401339330458207,High reliability
51790,Householder with no partner,Living alone,3913,311.33261955664074,4.836696935810423,High reliability
51790,Householder with no partner,With only nonrelatives present,230,87.86353054595519,23.22281764132554,Medium reliability
51790,Householder with no partner,With own children,683,170.57842770995398,15.18229763291344,Medium reliability
51790,Householder with no partner,"With relatives, no own children",656,151.3968295572929,14.02965653099682,High reliability
51790,Married or cohabitating couple,With own children,1819,246.9169900999119,8.251869914158783,High reliability
51790,Married or cohabitating couple,Without own children,3296,322.54147020189515,5.948842295753075,High reliability
51800,Householder with no partner,Living alone,7606,520.9856044076458,4.163930766605199,High reliability
51800,Householder with no partner,With only nonrelatives present,578,157.78466338652817,16.594762716686635,Medium reliability
51800,Householder with no partner,With own children,2848,368.506444991129,7.865733005001729,High reliability
51800,Householder with no partner,"With relatives, no own children",3075,324.6120761770886,6.417319320475225,High reliability
51800,Married or cohabitating couple,With own children,7791,453.957046426201,3.542057891801748,High reliability
51800,Married or cohabitating couple,Without own children,11876,446.99552570467637,2.2880582928594277,High reliability
51810,Householder with no partner,Living alone,41773,1326.2597784747904,1.9300432035072617,High reliability
51810,Householder with no partner,With only nonrelatives present,6227,601.8704179472521,5.875681283509963,High reliability
51810,Householder with no partner,With own children,13031,950.3394130519896,4.433381389816472,High reliability
51810,Householder with no partner,"With relatives, no own children",13393,821.9549866020645,3.730819718244433,High reliability
51810,Married or cohabitating couple,With own children,38188,1104.6814020340887,1.7585075055549662,High reliability
51810,Married or cohabitating couple,Without own children,58186,1356.1194637641627,1.416816299060818,High reliability
51820,Householder with no partner,Living alone,3503,312.5443968462721,5.423825116400828,High reliability
51820,Householder with no partner,With only nonrelatives present,144,95.67131231461184,40.388091993672674,Low reliability
51820,Householder with no partner,With own children,859,212.20744567521658,15.017635242451044,Medium reliability
51820,Householder with no partner,"With relatives, no own children",512,163.04907236779974,19.358979906891115,Medium reliability
51820,Married or cohabitating couple,With own children,1460,255,10.6174792855061,High reliability
51820,Married or cohabitating couple,Without own children,2715,314.00636936215164,7.030767253010723,High reliability
51830,Householder with no partner,Living alone,1902,212.17445652104308,6.781358177475736,High reliability
51830,Householder with no partner,With only nonrelatives present,384,116.72617529928752,18.478687832334018,Medium reliability
51830,Householder with no partner,With own children,187,89.44271909999159,29.07618910000864,Medium reliability
51830,Householder with no partner,"With relatives, no own children",289,110.4943437466371,23.242150113405852,Medium reliability
51830,Married or cohabitating couple,With own children,516,132.9661611087573,15.664824239386125,Medium reliability
51830,Married or cohabitating couple,Without own children,1428,156.41611170208776,6.658668220568558,High reliability
51840,Householder with no partner,Living alone,3593,389.16577444580093,6.584328941631709,High reliability
51840,Householder with no partner,With only nonrelatives present,358,146.01369798755184,24.793890065978136,Medium reliability
51840,Householder with no partner,With own children,741,216.6679487141557,17.775038965183477,Medium reliability
51840,Householder with no partner,"With relatives, no own children",719,183.8069639594757,15.540578053736883,Medium reliability
51840,Married or cohabitating couple,With own children,1920,325.7376244771242,10.313374635167307,High reliability
51840,Married or cohabitating couple,Without own children,3159,344.6055716322648,6.631423541793838,High reliability
