variable,year,state,fips,tenure,estimate,moe
B25119_001,2010,Alabama,01,All,42081,183
B25119_002,2010,Alabama,01,Owner occupied (dollars),52338,273
B25119_003,2010,Alabama,01,Renter occupied (dollars),23358,284
B25119_001,2010,Alaska,02,All,66521,642
B25119_002,2010,Alaska,02,Owner occupied (dollars),82387,936
B25119_003,2010,Alaska,02,Renter occupied (dollars),43761,863
B25119_001,2010,Arizona,04,All,50448,217
B25119_002,2010,Arizona,04,Owner occupied (dollars),61687,295
B25119_003,2010,Arizona,04,Renter occupied (dollars),32792,328
B25119_001,2010,Arkansas,05,All,39267,283
B25119_002,2010,Arkansas,05,Owner occupied (dollars),49224,355
B25119_003,2010,Arkansas,05,Renter occupied (dollars),23685,355
B25119_001,2010,California,06,All,60883,150
B25119_002,2010,California,06,Owner occupied (dollars),81243,173
B25119_003,2010,California,06,Renter occupied (dollars),40492,145
B25119_001,2010,Colorado,08,All,56456,309
B25119_002,2010,Colorado,08,Owner occupied (dollars),72151,372
B25119_003,2010,Colorado,08,Renter occupied (dollars),32321,269
B25119_001,2010,Connecticut,09,All,67740,381
B25119_002,2010,Connecticut,09,Owner occupied (dollars),86268,414
B25119_003,2010,Connecticut,09,Renter occupied (dollars),35157,529
B25119_001,2010,Delaware,10,All,57599,651
B25119_002,2010,Delaware,10,Owner occupied (dollars),68370,786
B25119_003,2010,Delaware,10,Renter occupied (dollars),34130,1049
B25119_001,2010,District of Columbia,11,All,58526,982
B25119_002,2010,District of Columbia,11,Owner occupied (dollars),97887,1668
B25119_003,2010,District of Columbia,11,Renter occupied (dollars),40030,860
B25119_001,2010,Florida,12,All,47661,173
B25119_002,2010,Florida,12,Owner occupied (dollars),56800,204
B25119_003,2010,Florida,12,Renter occupied (dollars),31977,170
B25119_001,2010,Georgia,13,All,49347,240
B25119_002,2010,Georgia,13,Owner occupied (dollars),62430,253
B25119_003,2010,Georgia,13,Renter occupied (dollars),29471,258
B25119_001,2010,Hawaii,15,All,66420,603
B25119_002,2010,Hawaii,15,Owner occupied (dollars),83058,1001
B25119_003,2010,Hawaii,15,Renter occupied (dollars),46425,967
B25119_001,2010,Idaho,16,All,46423,367
B25119_002,2010,Idaho,16,Owner occupied (dollars),55450,470
B25119_003,2010,Idaho,16,Renter occupied (dollars),28542,472
B25119_001,2010,Illinois,17,All,55735,210
B25119_002,2010,Illinois,17,Owner occupied (dollars),69816,232
B25119_003,2010,Illinois,17,Renter occupied (dollars),30882,183
B25119_001,2010,Indiana,18,All,47697,197
B25119_002,2010,Indiana,18,Owner occupied (dollars),58778,227
B25119_003,2010,Indiana,18,Renter occupied (dollars),26333,227
B25119_001,2010,Iowa,19,All,48872,269
B25119_002,2010,Iowa,19,Owner occupied (dollars),59178,308
B25119_003,2010,Iowa,19,Renter occupied (dollars),26729,306
B25119_001,2010,Kansas,20,All,49424,307
B25119_002,2010,Kansas,20,Owner occupied (dollars),61690,383
B25119_003,2010,Kansas,20,Renter occupied (dollars),29029,338
B25119_001,2010,Kentucky,21,All,41576,210
B25119_002,2010,Kentucky,21,Owner occupied (dollars),52134,279
B25119_003,2010,Kentucky,21,Renter occupied (dollars),23576,353
B25119_001,2010,Louisiana,22,All,43445,264
B25119_002,2010,Louisiana,22,Owner occupied (dollars),54596,348
B25119_003,2010,Louisiana,22,Renter occupied (dollars),25592,292
B25119_001,2010,Maine,23,All,46933,457
B25119_002,2010,Maine,23,Owner occupied (dollars),56604,477
B25119_003,2010,Maine,23,Renter occupied (dollars),25371,505
B25119_001,2010,Maryland,24,All,70647,262
B25119_002,2010,Maryland,24,Owner occupied (dollars),87834,442
B25119_003,2010,Maryland,24,Renter occupied (dollars),41904,406
B25119_001,2010,Massachusetts,25,All,64509,344
B25119_002,2010,Massachusetts,25,Owner occupied (dollars),84924,401
B25119_003,2010,Massachusetts,25,Renter occupied (dollars),34772,372
B25119_001,2010,Michigan,26,All,48432,168
B25119_002,2010,Michigan,26,Owner occupied (dollars),58850,214
B25119_003,2010,Michigan,26,Renter occupied (dollars),25003,207
B25119_001,2010,Minnesota,27,All,57243,187
B25119_002,2010,Minnesota,27,Owner occupied (dollars),69542,265
B25119_003,2010,Minnesota,27,Renter occupied (dollars),29190,326
B25119_001,2010,Mississippi,28,All,37881,333
B25119_002,2010,Mississippi,28,Owner occupied (dollars),46933,400
B25119_003,2010,Mississippi,28,Renter occupied (dollars),22196,379
B25119_001,2010,Missouri,29,All,46262,177
B25119_002,2010,Missouri,29,Owner occupied (dollars),57485,272
B25119_003,2010,Missouri,29,Renter occupied (dollars),26361,248
B25119_001,2010,Montana,30,All,43872,408
B25119_002,2010,Montana,30,Owner occupied (dollars),54043,536
B25119_003,2010,Montana,30,Renter occupied (dollars),26958,529
B25119_001,2010,Nebraska,31,All,49342,293
B25119_002,2010,Nebraska,31,Owner occupied (dollars),61448,354
B25119_003,2010,Nebraska,31,Renter occupied (dollars),28662,322
B25119_001,2010,Nevada,32,All,55726,395
B25119_002,2010,Nevada,32,Owner occupied (dollars),69608,563
B25119_003,2010,Nevada,32,Renter occupied (dollars),39088,584
B25119_001,2010,New Hampshire,33,All,63277,539
B25119_002,2010,New Hampshire,33,Owner occupied (dollars),76257,562
B25119_003,2010,New Hampshire,33,Renter occupied (dollars),35965,824
B25119_001,2010,New Jersey,34,All,69811,309
B25119_002,2010,New Jersey,34,Owner occupied (dollars),89398,381
B25119_003,2010,New Jersey,34,Renter occupied (dollars),40045,281
B25119_001,2010,New Mexico,35,All,43820,386
B25119_002,2010,New Mexico,35,Owner occupied (dollars),53366,532
B25119_003,2010,New Mexico,35,Renter occupied (dollars),27337,521
B25119_001,2010,New York,36,All,55603,178
B25119_002,2010,New York,36,Owner occupied (dollars),76158,245
B25119_003,2010,New York,36,Renter occupied (dollars),35602,164
B25119_001,2010,North Carolina,37,All,45570,206
B25119_002,2010,North Carolina,37,Owner occupied (dollars),56984,220
B25119_003,2010,North Carolina,37,Renter occupied (dollars),27643,236
B25119_001,2010,North Dakota,38,All,46781,452
B25119_002,2010,North Dakota,38,Owner occupied (dollars),60508,618
B25119_003,2010,North Dakota,38,Renter occupied (dollars),26734,539
B25119_001,2010,Ohio,39,All,47358,162
B25119_002,2010,Ohio,39,Owner occupied (dollars),60166,202
B25119_003,2010,Ohio,39,Renter occupied (dollars),25590,184
B25119_001,2010,Oklahoma,40,All,42979,265
B25119_002,2010,Oklahoma,40,Owner occupied (dollars),53881,320
B25119_003,2010,Oklahoma,40,Renter occupied (dollars),26162,258
B25119_001,2010,Oregon,41,All,49260,306
B25119_002,2010,Oregon,41,Owner occupied (dollars),63443,375
B25119_003,2010,Oregon,41,Renter occupied (dollars),30535,296
B25119_001,2010,Pennsylvania,42,All,50398,158
B25119_002,2010,Pennsylvania,42,Owner occupied (dollars),61948,184
B25119_003,2010,Pennsylvania,42,Renter occupied (dollars),28051,213
B25119_001,2010,Rhode Island,44,All,54902,645
B25119_002,2010,Rhode Island,44,Owner occupied (dollars),75553,782
B25119_003,2010,Rhode Island,44,Renter occupied (dollars),29864,829
B25119_001,2010,South Carolina,45,All,43939,271
B25119_002,2010,South Carolina,45,Owner occupied (dollars),53977,339
B25119_003,2010,South Carolina,45,Renter occupied (dollars),26769,335
B25119_001,2010,South Dakota,46,All,46369,395
B25119_002,2010,South Dakota,46,Owner occupied (dollars),57862,544
B25119_003,2010,South Dakota,46,Renter occupied (dollars),26152,502
B25119_001,2010,Tennessee,47,All,43314,190
B25119_002,2010,Tennessee,47,Owner occupied (dollars),53757,260
B25119_003,2010,Tennessee,47,Renter occupied (dollars),25401,271
B25119_001,2010,Texas,48,All,49646,145
B25119_002,2010,Texas,48,Owner occupied (dollars),63684,198
B25119_003,2010,Texas,48,Renter occupied (dollars),31041,155
B25119_001,2010,Utah,49,All,56330,330
B25119_002,2010,Utah,49,Owner occupied (dollars),67517,403
B25119_003,2010,Utah,49,Renter occupied (dollars),33742,516
B25119_001,2010,Vermont,50,All,51841,447
B25119_002,2010,Vermont,50,Owner occupied (dollars),62865,709
B25119_003,2010,Vermont,50,Renter occupied (dollars),29580,877
B25119_001,2010,Virginia,51,All,61406,235
B25119_002,2010,Virginia,51,Owner occupied (dollars),75331,279
B25119_003,2010,Virginia,51,Renter occupied (dollars),38683,318
B25119_001,2010,Washington,53,All,57244,261
B25119_002,2010,Washington,53,Owner occupied (dollars),72909,338
B25119_003,2010,Washington,53,Renter occupied (dollars),35132,273
B25119_001,2010,West Virginia,54,All,38380,329
B25119_002,2010,West Virginia,54,Owner occupied (dollars),45853,409
B25119_003,2010,West Virginia,54,Renter occupied (dollars),20506,386
B25119_001,2010,Wisconsin,55,All,51598,143
B25119_002,2010,Wisconsin,55,Owner occupied (dollars),64487,208
B25119_003,2010,Wisconsin,55,Renter occupied (dollars),28643,300
B25119_001,2010,Wyoming,56,All,53802,688
B25119_002,2010,Wyoming,56,Owner occupied (dollars),64489,751
B25119_003,2010,Wyoming,56,Renter occupied (dollars),33550,1040
B25119_001,2010,Puerto Rico,72,All,18791,158
B25119_002,2010,Puerto Rico,72,Owner occupied (dollars),22806,214
B25119_003,2010,Puerto Rico,72,Renter occupied (dollars),10604,165
B25119_001,2011,Alabama,01,All,42934,243
B25119_002,2011,Alabama,01,Owner occupied (dollars),53658,293
B25119_003,2011,Alabama,01,Renter occupied (dollars),23977,365
B25119_001,2011,Alaska,02,All,69014,793
B25119_002,2011,Alaska,02,Owner occupied (dollars),85222,1128
B25119_003,2011,Alaska,02,Renter occupied (dollars),45578,996
B25119_001,2011,Arizona,04,All,50752,212
B25119_002,2011,Arizona,04,Owner occupied (dollars),62338,300
B25119_003,2011,Arizona,04,Renter occupied (dollars),33325,296
B25119_001,2011,Arkansas,05,All,40149,265
B25119_002,2011,Arkansas,05,Owner occupied (dollars),50620,341
B25119_003,2011,Arkansas,05,Renter occupied (dollars),24138,369
B25119_001,2011,California,06,All,61632,169
B25119_002,2011,California,06,Owner occupied (dollars),82802,190
B25119_003,2011,California,06,Renter occupied (dollars),40955,151
B25119_001,2011,Colorado,08,All,57685,312
B25119_002,2011,Colorado,08,Owner occupied (dollars),73944,368
B25119_003,2011,Colorado,08,Renter occupied (dollars),33509,374
B25119_001,2011,Connecticut,09,All,69243,409
B25119_002,2011,Connecticut,09,Owner occupied (dollars),88727,450
B25119_003,2011,Connecticut,09,Renter occupied (dollars),35563,453
B25119_001,2011,Delaware,10,All,59317,623
B25119_002,2011,Delaware,10,Owner occupied (dollars),71076,766
B25119_003,2011,Delaware,10,Renter occupied (dollars),34836,996
B25119_001,2011,District of Columbia,11,All,61835,831
B25119_002,2011,District of Columbia,11,Owner occupied (dollars),102820,1426
B25119_003,2011,District of Columbia,11,Renter occupied (dollars),42100,847
B25119_001,2011,Florida,12,All,47827,164
B25119_002,2011,Florida,12,Owner occupied (dollars),57311,175
B25119_003,2011,Florida,12,Renter occupied (dollars),32143,156
B25119_001,2011,Georgia,13,All,49736,264
B25119_002,2011,Georgia,13,Owner occupied (dollars),63280,275
B25119_003,2011,Georgia,13,Renter occupied (dollars),29682,303
B25119_001,2011,Hawaii,15,All,67116,578
B25119_002,2011,Hawaii,15,Owner occupied (dollars),84566,901
B25119_003,2011,Hawaii,15,Renter occupied (dollars),46844,883
B25119_001,2011,Idaho,16,All,46890,381
B25119_002,2011,Idaho,16,Owner occupied (dollars),56339,507
B25119_003,2011,Idaho,16,Renter occupied (dollars),28566,479
B25119_001,2011,Illinois,17,All,56576,208
B25119_002,2011,Illinois,17,Owner occupied (dollars),71315,263
B25119_003,2011,Illinois,17,Renter occupied (dollars),31191,205
B25119_001,2011,Indiana,18,All,48393,212
B25119_002,2011,Indiana,18,Owner occupied (dollars),59811,245
B25119_003,2011,Indiana,18,Renter occupied (dollars),26864,249
B25119_001,2011,Iowa,19,All,50451,246
B25119_002,2011,Iowa,19,Owner occupied (dollars),61260,327
B25119_003,2011,Iowa,19,Renter occupied (dollars),27239,352
B25119_001,2011,Kansas,20,All,50594,272
B25119_002,2011,Kansas,20,Owner occupied (dollars),63518,337
B25119_003,2011,Kansas,20,Renter occupied (dollars),29730,419
B25119_001,2011,Kentucky,21,All,42248,227
B25119_002,2011,Kentucky,21,Owner occupied (dollars),53314,308
B25119_003,2011,Kentucky,21,Renter occupied (dollars),23905,299
B25119_001,2011,Louisiana,22,All,44086,263
B25119_002,2011,Louisiana,22,Owner occupied (dollars),56005,385
B25119_003,2011,Louisiana,22,Renter occupied (dollars),25811,272
B25119_001,2011,Maine,23,All,47898,418
B25119_002,2011,Maine,23,Owner occupied (dollars),58330,478
B25119_003,2011,Maine,23,Renter occupied (dollars),25801,452
B25119_001,2011,Maryland,24,All,72419,371
B25119_002,2011,Maryland,24,Owner occupied (dollars),90353,492
B25119_003,2011,Maryland,24,Renter occupied (dollars),42553,384
B25119_001,2011,Massachusetts,25,All,65981,328
B25119_002,2011,Massachusetts,25,Owner occupied (dollars),87425,390
B25119_003,2011,Massachusetts,25,Renter occupied (dollars),35624,426
B25119_001,2011,Michigan,26,All,48669,167
B25119_002,2011,Michigan,26,Owner occupied (dollars),59490,200
B25119_003,2011,Michigan,26,Renter occupied (dollars),25257,200
B25119_001,2011,Minnesota,27,All,58476,235
B25119_002,2011,Minnesota,27,Owner occupied (dollars),71323,242
B25119_003,2011,Minnesota,27,Renter occupied (dollars),29750,268
B25119_001,2011,Mississippi,28,All,38718,372
B25119_002,2011,Mississippi,28,Owner occupied (dollars),47881,483
B25119_003,2011,Mississippi,28,Renter occupied (dollars),22648,432
B25119_001,2011,Missouri,29,All,47202,185
B25119_002,2011,Missouri,29,Owner occupied (dollars),58914,240
B25119_003,2011,Missouri,29,Renter occupied (dollars),26997,211
B25119_001,2011,Montana,30,All,45324,418
B25119_002,2011,Montana,30,Owner occupied (dollars),55552,512
B25119_003,2011,Montana,30,Renter occupied (dollars),27944,609
B25119_001,2011,Nebraska,31,All,50695,319
B25119_002,2011,Nebraska,31,Owner occupied (dollars),63312,339
B25119_003,2011,Nebraska,31,Renter occupied (dollars),29713,547
B25119_001,2011,Nevada,32,All,55553,449
B25119_002,2011,Nevada,32,Owner occupied (dollars),69764,677
B25119_003,2011,Nevada,32,Renter occupied (dollars),39331,595
B25119_001,2011,New Hampshire,33,All,64664,516
B25119_002,2011,New Hampshire,33,Owner occupied (dollars),78166,718
B25119_003,2011,New Hampshire,33,Renter occupied (dollars),36409,828
B25119_001,2011,New Jersey,34,All,71180,323
B25119_002,2011,New Jersey,34,Owner occupied (dollars),91724,348
B25119_003,2011,New Jersey,34,Renter occupied (dollars),40439,309
B25119_001,2011,New Mexico,35,All,44631,391
B25119_002,2011,New Mexico,35,Owner occupied (dollars),54563,471
B25119_003,2011,New Mexico,35,Renter occupied (dollars),27861,638
B25119_001,2011,New York,36,All,56951,190
B25119_002,2011,New York,36,Owner occupied (dollars),78436,272
B25119_003,2011,New York,36,Renter occupied (dollars),36250,178
B25119_001,2011,North Carolina,37,All,46291,203
B25119_002,2011,North Carolina,37,Owner occupied (dollars),58290,277
B25119_003,2011,North Carolina,37,Renter occupied (dollars),27936,216
B25119_001,2011,North Dakota,38,All,49415,595
B25119_002,2011,North Dakota,38,Owner occupied (dollars),63714,649
B25119_003,2011,North Dakota,38,Renter occupied (dollars),28168,762
B25119_001,2011,Ohio,39,All,48071,185
B25119_002,2011,Ohio,39,Owner occupied (dollars),61376,183
B25119_003,2011,Ohio,39,Renter occupied (dollars),25897,165
B25119_001,2011,Oklahoma,40,All,44287,217
B25119_002,2011,Oklahoma,40,Owner occupied (dollars),55626,314
B25119_003,2011,Oklahoma,40,Renter occupied (dollars),27026,247
B25119_001,2011,Oregon,41,All,49850,311
B25119_002,2011,Oregon,41,Owner occupied (dollars),64717,334
B25119_003,2011,Oregon,41,Renter occupied (dollars),30866,273
B25119_001,2011,Pennsylvania,42,All,51651,148
B25119_002,2011,Pennsylvania,42,Owner occupied (dollars),63860,187
B25119_003,2011,Pennsylvania,42,Renter occupied (dollars),28782,227
B25119_001,2011,Rhode Island,44,All,55975,548
B25119_002,2011,Rhode Island,44,Owner occupied (dollars),77617,824
B25119_003,2011,Rhode Island,44,Renter occupied (dollars),30196,733
B25119_001,2011,South Carolina,45,All,44587,264
B25119_002,2011,South Carolina,45,Owner occupied (dollars),55081,346
B25119_003,2011,South Carolina,45,Renter occupied (dollars),26851,256
B25119_001,2011,South Dakota,46,All,48010,512
B25119_002,2011,South Dakota,46,Owner occupied (dollars),60463,658
B25119_003,2011,South Dakota,46,Renter occupied (dollars),27044,551
B25119_001,2011,Tennessee,47,All,43989,207
B25119_002,2011,Tennessee,47,Owner occupied (dollars),54985,242
B25119_003,2011,Tennessee,47,Renter occupied (dollars),25816,245
B25119_001,2011,Texas,48,All,50920,133
B25119_002,2011,Texas,48,Owner occupied (dollars),65579,204
B25119_003,2011,Texas,48,Renter occupied (dollars),31897,133
B25119_001,2011,Utah,49,All,57783,371
B25119_002,2011,Utah,49,Owner occupied (dollars),69516,475
B25119_003,2011,Utah,49,Renter occupied (dollars),34174,478
B25119_001,2011,Vermont,50,All,53422,468
B25119_002,2011,Vermont,50,Owner occupied (dollars),64771,559
B25119_003,2011,Vermont,50,Renter occupied (dollars),30943,849
B25119_001,2011,Virginia,51,All,63302,265
B25119_002,2011,Virginia,51,Owner occupied (dollars),77854,339
B25119_003,2011,Virginia,51,Renter occupied (dollars),39749,357
B25119_001,2011,Washington,53,All,58890,240
B25119_002,2011,Washington,53,Owner occupied (dollars),74974,272
B25119_003,2011,Washington,53,Renter occupied (dollars),36132,273
B25119_001,2011,West Virginia,54,All,39550,356
B25119_002,2011,West Virginia,54,Owner occupied (dollars),47132,446
B25119_003,2011,West Virginia,54,Renter occupied (dollars),21155,280
B25119_001,2011,Wisconsin,55,All,52374,177
B25119_002,2011,Wisconsin,55,Owner occupied (dollars),65798,220
B25119_003,2011,Wisconsin,55,Renter occupied (dollars),29270,276
B25119_001,2011,Wyoming,56,All,56380,724
B25119_002,2011,Wyoming,56,Owner occupied (dollars),67219,821
B25119_003,2011,Wyoming,56,Renter occupied (dollars),34873,1045
B25119_001,2011,Puerto Rico,72,All,19122,139
B25119_002,2011,Puerto Rico,72,Owner occupied (dollars),23629,190
B25119_003,2011,Puerto Rico,72,Renter occupied (dollars),10818,170
B25119_001,2012,Alabama,01,All,43160,237
B25119_002,2012,Alabama,01,Owner occupied (dollars),54032,334
B25119_003,2012,Alabama,01,Renter occupied (dollars),24197,301
B25119_001,2012,Alaska,02,All,69917,738
B25119_002,2012,Alaska,02,Owner occupied (dollars),86280,1005
B25119_003,2012,Alaska,02,Renter occupied (dollars),45928,1077
B25119_001,2012,Arizona,04,All,50256,235
B25119_002,2012,Arizona,04,Owner occupied (dollars),61647,348
B25119_003,2012,Arizona,04,Renter occupied (dollars),33290,297
B25119_001,2012,Arkansas,05,All,40531,238
B25119_002,2012,Arkansas,05,Owner occupied (dollars),51169,342
B25119_003,2012,Arkansas,05,Renter occupied (dollars),24381,293
B25119_001,2012,California,06,All,61400,154
B25119_002,2012,California,06,Owner occupied (dollars),82899,220
B25119_003,2012,California,06,Renter occupied (dollars),41062,142
B25119_001,2012,Colorado,08,All,58244,315
B25119_002,2012,Colorado,08,Owner occupied (dollars),74794,373
B25119_003,2012,Colorado,08,Renter occupied (dollars),34469,363
B25119_001,2012,Connecticut,09,All,69519,414
B25119_002,2012,Connecticut,09,Owner occupied (dollars),89691,602
B25119_003,2012,Connecticut,09,Renter occupied (dollars),35471,535
B25119_001,2012,Delaware,10,All,60119,714
B25119_002,2012,Delaware,10,Owner occupied (dollars),71652,896
B25119_003,2012,Delaware,10,Renter occupied (dollars),35006,1006
B25119_001,2012,District of Columbia,11,All,64267,977
B25119_002,2012,District of Columbia,11,Owner occupied (dollars),106435,1405
B25119_003,2012,District of Columbia,11,Renter occupied (dollars),43794,805
B25119_001,2012,Florida,12,All,47309,189
B25119_002,2012,Florida,12,Owner occupied (dollars),56845,207
B25119_003,2012,Florida,12,Renter occupied (dollars),31906,182
B25119_001,2012,Georgia,13,All,49604,201
B25119_002,2012,Georgia,13,Owner occupied (dollars),63401,245
B25119_003,2012,Georgia,13,Renter occupied (dollars),29618,310
B25119_001,2012,Hawaii,15,All,67492,698
B25119_002,2012,Hawaii,15,Owner occupied (dollars),85155,938
B25119_003,2012,Hawaii,15,Renter occupied (dollars),47575,811
B25119_001,2012,Idaho,16,All,47015,441
B25119_002,2012,Idaho,16,Owner occupied (dollars),56669,420
B25119_003,2012,Idaho,16,Renter occupied (dollars),28647,486
B25119_001,2012,Illinois,17,All,56853,213
B25119_002,2012,Illinois,17,Owner occupied (dollars),71980,274
B25119_003,2012,Illinois,17,Renter occupied (dollars),31476,194
B25119_001,2012,Indiana,18,All,48374,204
B25119_002,2012,Indiana,18,Owner occupied (dollars),59986,281
B25119_003,2012,Indiana,18,Renter occupied (dollars),26906,223
B25119_001,2012,Iowa,19,All,51129,273
B25119_002,2012,Iowa,19,Owner occupied (dollars),62027,316
B25119_003,2012,Iowa,19,Renter occupied (dollars),27598,315
B25119_001,2012,Kansas,20,All,51273,259
B25119_002,2012,Kansas,20,Owner occupied (dollars),64317,312
B25119_003,2012,Kansas,20,Renter occupied (dollars),30395,316
B25119_001,2012,Kentucky,21,All,42610,238
B25119_002,2012,Kentucky,21,Owner occupied (dollars),54061,272
B25119_003,2012,Kentucky,21,Renter occupied (dollars),24100,284
B25119_001,2012,Louisiana,22,All,44673,254
B25119_002,2012,Louisiana,22,Owner occupied (dollars),56852,385
B25119_003,2012,Louisiana,22,Renter occupied (dollars),26202,273
B25119_001,2012,Maine,23,All,48219,446
B25119_002,2012,Maine,23,Owner occupied (dollars),58917,489
B25119_003,2012,Maine,23,Renter occupied (dollars),26214,490
B25119_001,2012,Maryland,24,All,72999,344
B25119_002,2012,Maryland,24,Owner occupied (dollars),91744,462
B25119_003,2012,Maryland,24,Renter occupied (dollars),43332,381
B25119_001,2012,Massachusetts,25,All,66658,306
B25119_002,2012,Massachusetts,25,Owner occupied (dollars),88739,405
B25119_003,2012,Massachusetts,25,Renter occupied (dollars),36246,389
B25119_001,2012,Michigan,26,All,48471,188
B25119_002,2012,Michigan,26,Owner occupied (dollars),59341,226
B25119_003,2012,Michigan,26,Renter occupied (dollars),25409,180
B25119_001,2012,Minnesota,27,All,59126,224
B25119_002,2012,Minnesota,27,Owner occupied (dollars),72431,256
B25119_003,2012,Minnesota,27,Renter occupied (dollars),30333,272
B25119_001,2012,Mississippi,28,All,38882,290
B25119_002,2012,Mississippi,28,Owner occupied (dollars),48433,413
B25119_003,2012,Mississippi,28,Renter occupied (dollars),22650,374
B25119_001,2012,Missouri,29,All,47333,208
B25119_002,2012,Missouri,29,Owner occupied (dollars),59287,273
B25119_003,2012,Missouri,29,Renter occupied (dollars),27123,210
B25119_001,2012,Montana,30,All,45456,512
B25119_002,2012,Montana,30,Owner occupied (dollars),56306,693
B25119_003,2012,Montana,30,Renter occupied (dollars),28252,539
B25119_001,2012,Nebraska,31,All,51381,286
B25119_002,2012,Nebraska,31,Owner occupied (dollars),64616,387
B25119_003,2012,Nebraska,31,Renter occupied (dollars),30216,383
B25119_001,2012,Nevada,32,All,54083,349
B25119_002,2012,Nevada,32,Owner occupied (dollars),68598,557
B25119_003,2012,Nevada,32,Renter occupied (dollars),38635,476
B25119_001,2012,New Hampshire,33,All,64925,565
B25119_002,2012,New Hampshire,33,Owner occupied (dollars),79390,722
B25119_003,2012,New Hampshire,33,Renter occupied (dollars),36593,759
B25119_001,2012,New Jersey,34,All,71637,324
B25119_002,2012,New Jersey,34,Owner occupied (dollars),92722,444
B25119_003,2012,New Jersey,34,Renter occupied (dollars),40517,328
B25119_001,2012,New Mexico,35,All,44886,358
B25119_002,2012,New Mexico,35,Owner occupied (dollars),54840,439
B25119_003,2012,New Mexico,35,Renter occupied (dollars),28149,576
B25119_001,2012,New York,36,All,57683,214
B25119_002,2012,New York,36,Owner occupied (dollars),79384,256
B25119_003,2012,New York,36,Renter occupied (dollars),36665,201
B25119_001,2012,North Carolina,37,All,46450,188
B25119_002,2012,North Carolina,37,Owner occupied (dollars),58736,220
B25119_003,2012,North Carolina,37,Renter occupied (dollars),28277,211
B25119_001,2012,North Dakota,38,All,51641,609
B25119_002,2012,North Dakota,38,Owner occupied (dollars),66359,769
B25119_003,2012,North Dakota,38,Renter occupied (dollars),30163,536
B25119_001,2012,Ohio,39,All,48246,160
B25119_002,2012,Ohio,39,Owner occupied (dollars),61772,174
B25119_003,2012,Ohio,39,Renter occupied (dollars),26167,177
B25119_001,2012,Oklahoma,40,All,44891,237
B25119_002,2012,Oklahoma,40,Owner occupied (dollars),56499,306
B25119_003,2012,Oklahoma,40,Renter occupied (dollars),27466,253
B25119_001,2012,Oregon,41,All,50036,338
B25119_002,2012,Oregon,41,Owner occupied (dollars),65076,346
B25119_003,2012,Oregon,41,Renter occupied (dollars),30993,330
B25119_001,2012,Pennsylvania,42,All,52267,157
B25119_002,2012,Pennsylvania,42,Owner occupied (dollars),64734,168
B25119_003,2012,Pennsylvania,42,Renter occupied (dollars),29197,213
B25119_001,2012,Rhode Island,44,All,56102,664
B25119_002,2012,Rhode Island,44,Owner occupied (dollars),77865,916
B25119_003,2012,Rhode Island,44,Renter occupied (dollars),30346,517
B25119_001,2012,South Carolina,45,All,44623,253
B25119_002,2012,South Carolina,45,Owner occupied (dollars),55079,336
B25119_003,2012,South Carolina,45,Renter occupied (dollars),26856,306
B25119_001,2012,South Dakota,46,All,49091,470
B25119_002,2012,South Dakota,46,Owner occupied (dollars),61665,563
B25119_003,2012,South Dakota,46,Renter occupied (dollars),28042,704
B25119_001,2012,Tennessee,47,All,44140,230
B25119_002,2012,Tennessee,47,Owner occupied (dollars),55499,309
B25119_003,2012,Tennessee,47,Renter occupied (dollars),25986,226
B25119_001,2012,Texas,48,All,51563,138
B25119_002,2012,Texas,48,Owner occupied (dollars),66332,208
B25119_003,2012,Texas,48,Renter occupied (dollars),32377,136
B25119_001,2012,Utah,49,All,58164,350
B25119_002,2012,Utah,49,Owner occupied (dollars),70070,429
B25119_003,2012,Utah,49,Renter occupied (dollars),34268,546
B25119_001,2012,Vermont,50,All,54168,617
B25119_002,2012,Vermont,50,Owner occupied (dollars),65789,679
B25119_003,2012,Vermont,50,Renter occupied (dollars),31114,716
B25119_001,2012,Virginia,51,All,63636,250
B25119_002,2012,Virginia,51,Owner occupied (dollars),78720,316
B25119_003,2012,Virginia,51,Renter occupied (dollars),40242,297
B25119_001,2012,Washington,53,All,59374,263
B25119_002,2012,Washington,53,Owner occupied (dollars),75634,354
B25119_003,2012,Washington,53,Renter occupied (dollars),36778,313
B25119_001,2012,West Virginia,54,All,40400,328
B25119_002,2012,West Virginia,54,Owner occupied (dollars),48325,407
B25119_003,2012,West Virginia,54,Renter occupied (dollars),21487,389
B25119_001,2012,Wisconsin,55,All,52627,183
B25119_002,2012,Wisconsin,55,Owner occupied (dollars),66241,227
B25119_003,2012,Wisconsin,55,Renter occupied (dollars),29425,293
B25119_001,2012,Wyoming,56,All,56573,981
B25119_002,2012,Wyoming,56,Owner occupied (dollars),68003,970
B25119_003,2012,Wyoming,56,Renter occupied (dollars),34617,908
B25119_001,2012,Puerto Rico,72,All,19515,146
B25119_002,2012,Puerto Rico,72,Owner occupied (dollars),24263,202
B25119_003,2012,Puerto Rico,72,Renter occupied (dollars),11114,197
B25119_001,2013,Alabama,01,All,43253,241
B25119_002,2013,Alabama,01,Owner occupied (dollars),54099,282
B25119_003,2013,Alabama,01,Renter occupied (dollars),24529,330
B25119_001,2013,Alaska,02,All,70760,732
B25119_002,2013,Alaska,02,Owner occupied (dollars),87070,925
B25119_003,2013,Alaska,02,Renter occupied (dollars),47795,953
B25119_001,2013,Arizona,04,All,49774,253
B25119_002,2013,Arizona,04,Owner occupied (dollars),61132,316
B25119_003,2013,Arizona,04,Renter occupied (dollars),33497,369
B25119_001,2013,Arkansas,05,All,40768,330
B25119_002,2013,Arkansas,05,Owner occupied (dollars),51497,417
B25119_003,2013,Arkansas,05,Renter occupied (dollars),24647,330
B25119_001,2013,California,06,All,61094,157
B25119_002,2013,California,06,Owner occupied (dollars),82885,225
B25119_003,2013,California,06,Renter occupied (dollars),41007,136
B25119_001,2013,Colorado,08,All,58433,314
B25119_002,2013,Colorado,08,Owner occupied (dollars),75333,337
B25119_003,2013,Colorado,08,Renter occupied (dollars),35054,403
B25119_001,2013,Connecticut,09,All,69461,411
B25119_002,2013,Connecticut,09,Owner occupied (dollars),90185,452
B25119_003,2013,Connecticut,09,Renter occupied (dollars),35510,490
B25119_001,2013,Delaware,10,All,59878,714
B25119_002,2013,Delaware,10,Owner occupied (dollars),71437,973
B25119_003,2013,Delaware,10,Renter occupied (dollars),35370,1041
B25119_001,2013,District of Columbia,11,All,65830,1006
B25119_002,2013,District of Columbia,11,Owner occupied (dollars),108622,1619
B25119_003,2013,District of Columbia,11,Renter occupied (dollars),44771,1000
B25119_001,2013,Florida,12,All,46956,149
B25119_002,2013,Florida,12,Owner occupied (dollars),56505,206
B25119_003,2013,Florida,12,Renter occupied (dollars),32052,159
B25119_001,2013,Georgia,13,All,49179,208
B25119_002,2013,Georgia,13,Owner occupied (dollars),63079,283
B25119_003,2013,Georgia,13,Renter occupied (dollars),29697,273
B25119_001,2013,Hawaii,15,All,67402,734
B25119_002,2013,Hawaii,15,Owner occupied (dollars),85655,927
B25119_003,2013,Hawaii,15,Renter occupied (dollars),48310,806
B25119_001,2013,Idaho,16,All,46767,413
B25119_002,2013,Idaho,16,Owner occupied (dollars),56707,501
B25119_003,2013,Idaho,16,Renter occupied (dollars),28529,560
B25119_001,2013,Illinois,17,All,56797,190
B25119_002,2013,Illinois,17,Owner occupied (dollars),72182,226
B25119_003,2013,Illinois,17,Renter occupied (dollars),31776,196
B25119_001,2013,Indiana,18,All,48248,198
B25119_002,2013,Indiana,18,Owner occupied (dollars),60041,215
B25119_003,2013,Indiana,18,Renter occupied (dollars),27005,228
B25119_001,2013,Iowa,19,All,51843,258
B25119_002,2013,Iowa,19,Owner occupied (dollars),63073,345
B25119_003,2013,Iowa,19,Renter occupied (dollars),28318,392
B25119_001,2013,Kansas,20,All,51332,304
B25119_002,2013,Kansas,20,Owner occupied (dollars),64749,363
B25119_003,2013,Kansas,20,Renter occupied (dollars),30690,298
B25119_001,2013,Kentucky,21,All,43036,250
B25119_002,2013,Kentucky,21,Owner occupied (dollars),54498,333
B25119_003,2013,Kentucky,21,Renter occupied (dollars),24453,217
B25119_001,2013,Louisiana,22,All,44874,251
B25119_002,2013,Louisiana,22,Owner occupied (dollars),57260,419
B25119_003,2013,Louisiana,22,Renter occupied (dollars),26281,293
B25119_001,2013,Maine,23,All,48453,521
B25119_002,2013,Maine,23,Owner occupied (dollars),59427,558
B25119_003,2013,Maine,23,Renter occupied (dollars),26416,437
B25119_001,2013,Maryland,24,All,73538,404
B25119_002,2013,Maryland,24,Owner occupied (dollars),92628,436
B25119_003,2013,Maryland,24,Renter occupied (dollars),44160,419
B25119_001,2013,Massachusetts,25,All,66866,318
B25119_002,2013,Massachusetts,25,Owner occupied (dollars),89668,473
B25119_003,2013,Massachusetts,25,Renter occupied (dollars),36588,347
B25119_001,2013,Michigan,26,All,48411,163
B25119_002,2013,Michigan,26,Owner occupied (dollars),59385,228
B25119_003,2013,Michigan,26,Renter occupied (dollars),25758,185
B25119_001,2013,Minnesota,27,All,59836,236
B25119_002,2013,Minnesota,27,Owner occupied (dollars),73314,310
B25119_003,2013,Minnesota,27,Renter occupied (dollars),30934,283
B25119_001,2013,Mississippi,28,All,39031,319
B25119_002,2013,Mississippi,28,Owner occupied (dollars),48616,411
B25119_003,2013,Mississippi,28,Renter occupied (dollars),23009,396
B25119_001,2013,Missouri,29,All,47380,216
B25119_002,2013,Missouri,29,Owner occupied (dollars),59548,251
B25119_003,2013,Missouri,29,Renter occupied (dollars),27362,230
B25119_001,2013,Montana,30,All,46230,453
B25119_002,2013,Montana,30,Owner occupied (dollars),57309,774
B25119_003,2013,Montana,30,Renter occupied (dollars),28113,636
B25119_001,2013,Nebraska,31,All,51672,325
B25119_002,2013,Nebraska,31,Owner occupied (dollars),65422,344
B25119_003,2013,Nebraska,31,Renter occupied (dollars),30799,412
B25119_001,2013,Nevada,32,All,52800,389
B25119_002,2013,Nevada,32,Owner occupied (dollars),67344,496
B25119_003,2013,Nevada,32,Renter occupied (dollars),37932,543
B25119_001,2013,New Hampshire,33,All,64916,611
B25119_002,2013,New Hampshire,33,Owner occupied (dollars),79589,802
B25119_003,2013,New Hampshire,33,Renter occupied (dollars),37326,831
B25119_001,2013,New Jersey,34,All,71629,303
B25119_002,2013,New Jersey,34,Owner occupied (dollars),93252,363
B25119_003,2013,New Jersey,34,Renter occupied (dollars),40456,308
B25119_001,2013,New Mexico,35,All,44927,432
B25119_002,2013,New Mexico,35,Owner occupied (dollars),55110,606
B25119_003,2013,New Mexico,35,Renter occupied (dollars),28046,538
B25119_001,2013,New York,36,All,58003,204
B25119_002,2013,New York,36,Owner occupied (dollars),80227,251
B25119_003,2013,New York,36,Renter occupied (dollars),36916,196
B25119_001,2013,North Carolina,37,All,46334,196
B25119_002,2013,North Carolina,37,Owner occupied (dollars),58683,276
B25119_003,2013,North Carolina,37,Renter occupied (dollars),28455,266
B25119_001,2013,North Dakota,38,All,53741,572
B25119_002,2013,North Dakota,38,Owner occupied (dollars),69315,814
B25119_003,2013,North Dakota,38,Renter occupied (dollars),30888,485
B25119_001,2013,Ohio,39,All,48308,197
B25119_002,2013,Ohio,39,Owner occupied (dollars),62005,194
B25119_003,2013,Ohio,39,Renter occupied (dollars),26404,183
B25119_001,2013,Oklahoma,40,All,45339,196
B25119_002,2013,Oklahoma,40,Owner occupied (dollars),56963,287
B25119_003,2013,Oklahoma,40,Renter occupied (dollars),28161,373
B25119_001,2013,Oregon,41,All,50229,278
B25119_002,2013,Oregon,41,Owner occupied (dollars),65771,342
B25119_003,2013,Oregon,41,Renter occupied (dollars),31300,335
B25119_001,2013,Pennsylvania,42,All,52548,165
B25119_002,2013,Pennsylvania,42,Owner occupied (dollars),65298,210
B25119_003,2013,Pennsylvania,42,Renter occupied (dollars),29472,231
B25119_001,2013,Rhode Island,44,All,56361,645
B25119_002,2013,Rhode Island,44,Owner occupied (dollars),78065,970
B25119_003,2013,Rhode Island,44,Renter occupied (dollars),30635,623
B25119_001,2013,South Carolina,45,All,44779,250
B25119_002,2013,South Carolina,45,Owner occupied (dollars),55187,367
B25119_003,2013,South Carolina,45,Renter occupied (dollars),26950,303
B25119_001,2013,South Dakota,46,All,49495,516
B25119_002,2013,South Dakota,46,Owner occupied (dollars),62485,625
B25119_003,2013,South Dakota,46,Renter occupied (dollars),28670,644
B25119_001,2013,Tennessee,47,All,44298,222
B25119_002,2013,Tennessee,47,Owner occupied (dollars),55788,262
B25119_003,2013,Tennessee,47,Renter occupied (dollars),26231,239
B25119_001,2013,Texas,48,All,51900,132
B25119_002,2013,Texas,48,Owner occupied (dollars),66924,213
B25119_003,2013,Texas,48,Renter occupied (dollars),33133,168
B25119_001,2013,Utah,49,All,58821,388
B25119_002,2013,Utah,49,Owner occupied (dollars),70777,449
B25119_003,2013,Utah,49,Renter occupied (dollars),34403,502
B25119_001,2013,Vermont,50,All,54267,548
B25119_002,2013,Vermont,50,Owner occupied (dollars),66057,732
B25119_003,2013,Vermont,50,Renter occupied (dollars),31244,730
B25119_001,2013,Virginia,51,All,63907,248
B25119_002,2013,Virginia,51,Owner occupied (dollars),79215,327
B25119_003,2013,Virginia,51,Renter occupied (dollars),40737,273
B25119_001,2013,Washington,53,All,59478,291
B25119_002,2013,Washington,53,Owner occupied (dollars),76022,306
B25119_003,2013,Washington,53,Renter occupied (dollars),37194,361
B25119_001,2013,West Virginia,54,All,41043,338
B25119_002,2013,West Virginia,54,Owner occupied (dollars),48905,517
B25119_003,2013,West Virginia,54,Renter occupied (dollars),21998,326
B25119_001,2013,Wisconsin,55,All,52413,173
B25119_002,2013,Wisconsin,55,Owner occupied (dollars),66444,225
B25119_003,2013,Wisconsin,55,Renter occupied (dollars),29504,227
B25119_001,2013,Wyoming,56,All,57406,841
B25119_002,2013,Wyoming,56,Owner occupied (dollars),69012,874
B25119_003,2013,Wyoming,56,Renter occupied (dollars),35740,897
B25119_001,2013,Puerto Rico,72,All,19624,137
B25119_002,2013,Puerto Rico,72,Owner occupied (dollars),24478,176
B25119_003,2013,Puerto Rico,72,Renter occupied (dollars),11345,171
B25119_001,2014,Alabama,01,All,43511,226
B25119_002,2014,Alabama,01,Owner occupied (dollars),54337,332
B25119_003,2014,Alabama,01,Renter occupied (dollars),25060,315
B25119_001,2014,Alaska,02,All,71829,735
B25119_002,2014,Alaska,02,Owner occupied (dollars),88221,934
B25119_003,2014,Alaska,02,Renter occupied (dollars),48624,1172
B25119_001,2014,Arizona,04,All,49928,244
B25119_002,2014,Arizona,04,Owner occupied (dollars),61328,343
B25119_003,2014,Arizona,04,Renter occupied (dollars),34148,325
B25119_001,2014,Arkansas,05,All,41264,239
B25119_002,2014,Arkansas,05,Owner occupied (dollars),51972,401
B25119_003,2014,Arkansas,05,Renter occupied (dollars),25473,312
B25119_001,2014,California,06,All,61489,154
B25119_002,2014,California,06,Owner occupied (dollars),83693,219
B25119_003,2014,California,06,Renter occupied (dollars),41358,117
B25119_001,2014,Colorado,08,All,59448,312
B25119_002,2014,Colorado,08,Owner occupied (dollars),76398,376
B25119_003,2014,Colorado,08,Renter occupied (dollars),36328,278
B25119_001,2014,Connecticut,09,All,69899,520
B25119_002,2014,Connecticut,09,Owner occupied (dollars),91087,527
B25119_003,2014,Connecticut,09,Renter occupied (dollars),35844,537
B25119_001,2014,Delaware,10,All,60231,601
B25119_002,2014,Delaware,10,Owner occupied (dollars),71990,743
B25119_003,2014,Delaware,10,Renter occupied (dollars),36658,1173
B25119_001,2014,District of Columbia,11,All,69235,1127
B25119_002,2014,District of Columbia,11,Owner occupied (dollars),111430,2643
B25119_003,2014,District of Columbia,11,Renter occupied (dollars),47000,1180
B25119_001,2014,Florida,12,All,47212,163
B25119_002,2014,Florida,12,Owner occupied (dollars),57046,205
B25119_003,2014,Florida,12,Renter occupied (dollars),32605,163
B25119_001,2014,Georgia,13,All,49342,215
B25119_002,2014,Georgia,13,Owner occupied (dollars),63671,286
B25119_003,2014,Georgia,13,Renter occupied (dollars),30345,289
B25119_001,2014,Hawaii,15,All,68201,682
B25119_002,2014,Hawaii,15,Owner occupied (dollars),86430,795
B25119_003,2014,Hawaii,15,Renter occupied (dollars),49477,801
B25119_001,2014,Idaho,16,All,47334,444
B25119_002,2014,Idaho,16,Owner occupied (dollars),57408,580
B25119_003,2014,Idaho,16,Renter occupied (dollars),29078,517
B25119_001,2014,Illinois,17,All,57166,203
B25119_002,2014,Illinois,17,Owner occupied (dollars),72851,261
B25119_003,2014,Illinois,17,Renter occupied (dollars),32466,213
B25119_001,2014,Indiana,18,All,48737,254
B25119_002,2014,Indiana,18,Owner occupied (dollars),60618,271
B25119_003,2014,Indiana,18,Renter occupied (dollars),27534,294
B25119_001,2014,Iowa,19,All,52716,271
B25119_002,2014,Iowa,19,Owner occupied (dollars),64199,348
B25119_003,2014,Iowa,19,Renter occupied (dollars),29226,423
B25119_001,2014,Kansas,20,All,51872,245
B25119_002,2014,Kansas,20,Owner occupied (dollars),65700,388
B25119_003,2014,Kansas,20,Renter occupied (dollars),31165,264
B25119_001,2014,Kentucky,21,All,43342,237
B25119_002,2014,Kentucky,21,Owner occupied (dollars),55166,284
B25119_003,2014,Kentucky,21,Renter occupied (dollars),24735,294
B25119_001,2014,Louisiana,22,All,44991,329
B25119_002,2014,Louisiana,22,Owner occupied (dollars),57681,532
B25119_003,2014,Louisiana,22,Renter occupied (dollars),26583,306
B25119_001,2014,Maine,23,All,48804,481
B25119_002,2014,Maine,23,Owner occupied (dollars),60154,514
B25119_003,2014,Maine,23,Renter occupied (dollars),26515,492
B25119_001,2014,Maryland,24,All,74149,395
B25119_002,2014,Maryland,24,Owner occupied (dollars),93724,438
B25119_003,2014,Maryland,24,Renter occupied (dollars),45116,417
B25119_001,2014,Massachusetts,25,All,67846,387
B25119_002,2014,Massachusetts,25,Owner occupied (dollars),91408,533
B25119_003,2014,Massachusetts,25,Renter occupied (dollars),37165,355
B25119_001,2014,Michigan,26,All,49087,192
B25119_002,2014,Michigan,26,Owner occupied (dollars),60317,192
B25119_003,2014,Michigan,26,Renter occupied (dollars),26554,173
B25119_001,2014,Minnesota,27,All,60828,240
B25119_002,2014,Minnesota,27,Owner occupied (dollars),74687,297
B25119_003,2014,Minnesota,27,Renter occupied (dollars),31748,303
B25119_001,2014,Mississippi,28,All,39464,306
B25119_002,2014,Mississippi,28,Owner occupied (dollars),49112,428
B25119_003,2014,Mississippi,28,Renter occupied (dollars),23702,422
B25119_001,2014,Missouri,29,All,47764,234
B25119_002,2014,Missouri,29,Owner occupied (dollars),60313,270
B25119_003,2014,Missouri,29,Renter occupied (dollars),27902,282
B25119_001,2014,Montana,30,All,46766,502
B25119_002,2014,Montana,30,Owner occupied (dollars),58190,781
B25119_003,2014,Montana,30,Renter occupied (dollars),29167,729
B25119_001,2014,Nebraska,31,All,52400,334
B25119_002,2014,Nebraska,31,Owner occupied (dollars),66950,435
B25119_003,2014,Nebraska,31,Renter occupied (dollars),31539,371
B25119_001,2014,Nevada,32,All,52205,302
B25119_002,2014,Nevada,32,Owner occupied (dollars),66937,491
B25119_003,2014,Nevada,32,Renter occupied (dollars),37996,479
B25119_001,2014,New Hampshire,33,All,65986,546
B25119_002,2014,New Hampshire,33,Owner occupied (dollars),80867,611
B25119_003,2014,New Hampshire,33,Renter occupied (dollars),37949,785
B25119_001,2014,New Jersey,34,All,72062,330
B25119_002,2014,New Jersey,34,Owner occupied (dollars),94365,327
B25119_003,2014,New Jersey,34,Renter occupied (dollars),41062,308
B25119_001,2014,New Mexico,35,All,44968,419
B25119_002,2014,New Mexico,35,Owner occupied (dollars),55397,613
B25119_003,2014,New Mexico,35,Renter occupied (dollars),28298,598
B25119_001,2014,New York,36,All,58687,207
B25119_002,2014,New York,36,Owner occupied (dollars),81101,262
B25119_003,2014,New York,36,Renter occupied (dollars),37422,173
B25119_001,2014,North Carolina,37,All,46693,191
B25119_002,2014,North Carolina,37,Owner occupied (dollars),59204,277
B25119_003,2014,North Carolina,37,Renter occupied (dollars),29260,240
B25119_001,2014,North Dakota,38,All,55579,753
B25119_002,2014,North Dakota,38,Owner occupied (dollars),72034,817
B25119_003,2014,North Dakota,38,Renter occupied (dollars),32305,621
B25119_001,2014,Ohio,39,All,48849,162
B25119_002,2014,Ohio,39,Owner occupied (dollars),62909,193
B25119_003,2014,Ohio,39,Renter occupied (dollars),26950,161
B25119_001,2014,Oklahoma,40,All,46235,201
B25119_002,2014,Oklahoma,40,Owner occupied (dollars),57888,331
B25119_003,2014,Oklahoma,40,Renter occupied (dollars),29113,276
B25119_001,2014,Oregon,41,All,50521,266
B25119_002,2014,Oregon,41,Owner occupied (dollars),66256,364
B25119_003,2014,Oregon,41,Renter occupied (dollars),31756,365
B25119_001,2014,Pennsylvania,42,All,53115,159
B25119_002,2014,Pennsylvania,42,Owner occupied (dollars),66298,202
B25119_003,2014,Pennsylvania,42,Renter occupied (dollars),30128,204
B25119_001,2014,Rhode Island,44,All,56423,679
B25119_002,2014,Rhode Island,44,Owner occupied (dollars),78894,910
B25119_003,2014,Rhode Island,44,Renter occupied (dollars),30750,530
B25119_001,2014,South Carolina,45,All,45033,249
B25119_002,2014,South Carolina,45,Owner occupied (dollars),55527,369
B25119_003,2014,South Carolina,45,Renter occupied (dollars),27328,294
B25119_001,2014,South Dakota,46,All,50338,436
B25119_002,2014,South Dakota,46,Owner occupied (dollars),63903,644
B25119_003,2014,South Dakota,46,Renter occupied (dollars),29541,709
B25119_001,2014,Tennessee,47,All,44621,206
B25119_002,2014,Tennessee,47,Owner occupied (dollars),56400,270
B25119_003,2014,Tennessee,47,Renter occupied (dollars),26708,240
B25119_001,2014,Texas,48,All,52576,147
B25119_002,2014,Texas,48,Owner occupied (dollars),68067,214
B25119_003,2014,Texas,48,Renter occupied (dollars),34156,188
B25119_001,2014,Utah,49,All,59846,392
B25119_002,2014,Utah,49,Owner occupied (dollars),71918,447
B25119_003,2014,Utah,49,Renter occupied (dollars),35134,523
B25119_001,2014,Vermont,50,All,54447,555
B25119_002,2014,Vermont,50,Owner occupied (dollars),66471,635
B25119_003,2014,Vermont,50,Renter occupied (dollars),31595,570
B25119_001,2014,Virginia,51,All,64792,274
B25119_002,2014,Virginia,51,Owner occupied (dollars),80325,319
B25119_003,2014,Virginia,51,Renter occupied (dollars),41321,347
B25119_001,2014,Washington,53,All,60294,265
B25119_002,2014,Washington,53,Owner occupied (dollars),76673,290
B25119_003,2014,Washington,53,Renter occupied (dollars),38141,295
B25119_001,2014,West Virginia,54,All,41576,355
B25119_002,2014,West Virginia,54,Owner occupied (dollars),49643,434
B25119_003,2014,West Virginia,54,Renter occupied (dollars),22634,453
B25119_001,2014,Wisconsin,55,All,52738,201
B25119_002,2014,Wisconsin,55,Owner occupied (dollars),67186,230
B25119_003,2014,Wisconsin,55,Renter occupied (dollars),30207,215
B25119_001,2014,Wyoming,56,All,58252,788
B25119_002,2014,Wyoming,56,Owner occupied (dollars),70230,974
B25119_003,2014,Wyoming,56,Renter occupied (dollars),36335,900
B25119_001,2014,Puerto Rico,72,All,19686,143
B25119_002,2014,Puerto Rico,72,Owner occupied (dollars),24732,199
B25119_003,2014,Puerto Rico,72,Renter occupied (dollars),11349,176
B25119_001,2015,Alabama,01,All,43623,281
B25119_002,2015,Alabama,01,Owner occupied (dollars),54695,332
B25119_003,2015,Alabama,01,Renter occupied (dollars),25326,300
B25119_001,2015,Alaska,02,All,72515,838
B25119_002,2015,Alaska,02,Owner occupied (dollars),88430,1173
B25119_003,2015,Alaska,02,Renter occupied (dollars),49548,1370
B25119_001,2015,Arizona,04,All,50255,211
B25119_002,2015,Arizona,04,Owner occupied (dollars),61644,290
B25119_003,2015,Arizona,04,Renter occupied (dollars),34710,356
B25119_001,2015,Arkansas,05,All,41371,247
B25119_002,2015,Arkansas,05,Owner occupied (dollars),52096,316
B25119_003,2015,Arkansas,05,Renter occupied (dollars),25690,321
B25119_001,2015,California,06,All,61818,156
B25119_002,2015,California,06,Owner occupied (dollars),84199,242
B25119_003,2015,California,06,Renter occupied (dollars),41788,151
B25119_001,2015,Colorado,08,All,60629,252
B25119_002,2015,Colorado,08,Owner occupied (dollars),77428,362
B25119_003,2015,Colorado,08,Renter occupied (dollars),37592,336
B25119_001,2015,Connecticut,09,All,70331,409
B25119_002,2015,Connecticut,09,Owner occupied (dollars),92047,544
B25119_003,2015,Connecticut,09,Renter occupied (dollars),36407,481
B25119_001,2015,Delaware,10,All,60509,595
B25119_002,2015,Delaware,10,Owner occupied (dollars),71856,721
B25119_003,2015,Delaware,10,Renter occupied (dollars),37723,995
B25119_001,2015,District of Columbia,11,All,70848,843
B25119_002,2015,District of Columbia,11,Owner occupied (dollars),113632,1885
B25119_003,2015,District of Columbia,11,Renter occupied (dollars),47802,1340
B25119_001,2015,Florida,12,All,47507,202
B25119_002,2015,Florida,12,Owner occupied (dollars),57539,267
B25119_003,2015,Florida,12,Renter occupied (dollars),33153,191
B25119_001,2015,Georgia,13,All,49620,245
B25119_002,2015,Georgia,13,Owner occupied (dollars),63965,273
B25119_003,2015,Georgia,13,Renter occupied (dollars),30982,248
B25119_001,2015,Hawaii,15,All,69515,725
B25119_002,2015,Hawaii,15,Owner occupied (dollars),87777,1099
B25119_003,2015,Hawaii,15,Renter occupied (dollars),50775,610
B25119_001,2015,Idaho,16,All,47583,494
B25119_002,2015,Idaho,16,Owner occupied (dollars),57628,626
B25119_003,2015,Idaho,16,Renter occupied (dollars),29589,608
B25119_001,2015,Illinois,17,All,57574,247
B25119_002,2015,Illinois,17,Owner occupied (dollars),73408,254
B25119_003,2015,Illinois,17,Renter occupied (dollars),32941,290
B25119_001,2015,Indiana,18,All,49255,221
B25119_002,2015,Indiana,18,Owner occupied (dollars),61173,240
B25119_003,2015,Indiana,18,Renter occupied (dollars),28216,271
B25119_001,2015,Iowa,19,All,53183,313
B25119_002,2015,Iowa,19,Owner occupied (dollars),64778,355
B25119_003,2015,Iowa,19,Renter occupied (dollars),29804,405
B25119_001,2015,Kansas,20,All,52205,232
B25119_002,2015,Kansas,20,Owner occupied (dollars),66166,361
B25119_003,2015,Kansas,20,Renter occupied (dollars),31894,321
B25119_001,2015,Kentucky,21,All,43740,302
B25119_002,2015,Kentucky,21,Owner occupied (dollars),55688,366
B25119_003,2015,Kentucky,21,Renter occupied (dollars),25410,240
B25119_001,2015,Louisiana,22,All,45047,315
B25119_002,2015,Louisiana,22,Owner occupied (dollars),58260,461
B25119_003,2015,Louisiana,22,Renter occupied (dollars),26607,276
B25119_001,2015,Maine,23,All,49331,512
B25119_002,2015,Maine,23,Owner occupied (dollars),60643,385
B25119_003,2015,Maine,23,Renter occupied (dollars),26753,597
B25119_001,2015,Maryland,24,All,74551,370
B25119_002,2015,Maryland,24,Owner occupied (dollars),94111,394
B25119_003,2015,Maryland,24,Renter occupied (dollars),45793,403
B25119_001,2015,Massachusetts,25,All,68563,384
B25119_002,2015,Massachusetts,25,Owner occupied (dollars),92207,420
B25119_003,2015,Massachusetts,25,Renter occupied (dollars),37780,425
B25119_001,2015,Michigan,26,All,49576,186
B25119_002,2015,Michigan,26,Owner occupied (dollars),60899,193
B25119_003,2015,Michigan,26,Renter occupied (dollars),27249,197
B25119_001,2015,Minnesota,27,All,61492,226
B25119_002,2015,Minnesota,27,Owner occupied (dollars),75507,242
B25119_003,2015,Minnesota,27,Renter occupied (dollars),32602,348
B25119_001,2015,Mississippi,28,All,39665,341
B25119_002,2015,Mississippi,28,Owner occupied (dollars),49283,458
B25119_003,2015,Mississippi,28,Renter occupied (dollars),24024,400
B25119_001,2015,Missouri,29,All,48173,250
B25119_002,2015,Missouri,29,Owner occupied (dollars),60797,274
B25119_003,2015,Missouri,29,Renter occupied (dollars),28664,291
B25119_001,2015,Montana,30,All,47169,490
B25119_002,2015,Montana,30,Owner occupied (dollars),59004,685
B25119_003,2015,Montana,30,Renter occupied (dollars),29621,665
B25119_001,2015,Nebraska,31,All,52997,347
B25119_002,2015,Nebraska,31,Owner occupied (dollars),67891,438
B25119_003,2015,Nebraska,31,Renter occupied (dollars),31892,333
B25119_001,2015,Nevada,32,All,51847,351
B25119_002,2015,Nevada,32,Owner occupied (dollars),66673,591
B25119_003,2015,Nevada,32,Renter occupied (dollars),37985,528
B25119_001,2015,New Hampshire,33,All,66779,537
B25119_002,2015,New Hampshire,33,Owner occupied (dollars),81842,716
B25119_003,2015,New Hampshire,33,Renter occupied (dollars),38560,825
B25119_001,2015,New Jersey,34,All,72093,286
B25119_002,2015,New Jersey,34,Owner occupied (dollars),95042,348
B25119_003,2015,New Jersey,34,Renter occupied (dollars),41114,267
B25119_001,2015,New Mexico,35,All,44963,440
B25119_002,2015,New Mexico,35,Owner occupied (dollars),55284,584
B25119_003,2015,New Mexico,35,Renter occupied (dollars),28465,553
B25119_001,2015,New York,36,All,59269,235
B25119_002,2015,New York,36,Owner occupied (dollars),81547,273
B25119_003,2015,New York,36,Renter occupied (dollars),37668,216
B25119_001,2015,North Carolina,37,All,46868,206
B25119_002,2015,North Carolina,37,Owner occupied (dollars),59651,305
B25119_003,2015,North Carolina,37,Renter occupied (dollars),29892,236
B25119_001,2015,North Dakota,38,All,57181,678
B25119_002,2015,North Dakota,38,Owner occupied (dollars),73803,912
B25119_003,2015,North Dakota,38,Renter occupied (dollars),34231,715
B25119_001,2015,Ohio,39,All,49429,179
B25119_002,2015,Ohio,39,Owner occupied (dollars),63617,188
B25119_003,2015,Ohio,39,Renter occupied (dollars),27501,242
B25119_001,2015,Oklahoma,40,All,46879,216
B25119_002,2015,Oklahoma,40,Owner occupied (dollars),58564,330
B25119_003,2015,Oklahoma,40,Renter occupied (dollars),29947,259
B25119_001,2015,Oregon,41,All,51243,271
B25119_002,2015,Oregon,41,Owner occupied (dollars),67070,400
B25119_003,2015,Oregon,41,Renter occupied (dollars),32513,353
B25119_001,2015,Pennsylvania,42,All,53599,173
B25119_002,2015,Pennsylvania,42,Owner occupied (dollars),66959,160
B25119_003,2015,Pennsylvania,42,Renter occupied (dollars),30644,202
B25119_001,2015,Rhode Island,44,All,56852,678
B25119_002,2015,Rhode Island,44,Owner occupied (dollars),80080,940
B25119_003,2015,Rhode Island,44,Renter occupied (dollars),30934,576
B25119_001,2015,South Carolina,45,All,45483,272
B25119_002,2015,South Carolina,45,Owner occupied (dollars),55906,360
B25119_003,2015,South Carolina,45,Renter occupied (dollars),28012,361
B25119_001,2015,South Dakota,46,All,50957,461
B25119_002,2015,South Dakota,46,Owner occupied (dollars),64701,571
B25119_003,2015,South Dakota,46,Renter occupied (dollars),29965,683
B25119_001,2015,Tennessee,47,All,45219,243
B25119_002,2015,Tennessee,47,Owner occupied (dollars),57029,248
B25119_003,2015,Tennessee,47,Renter occupied (dollars),27382,241
B25119_001,2015,Texas,48,All,53207,174
B25119_002,2015,Texas,48,Owner occupied (dollars),69068,239
B25119_003,2015,Texas,48,Renter occupied (dollars),35034,177
B25119_001,2015,Utah,49,All,60727,329
B25119_002,2015,Utah,49,Owner occupied (dollars),72981,462
B25119_003,2015,Utah,49,Renter occupied (dollars),36255,494
B25119_001,2015,Vermont,50,All,55176,561
B25119_002,2015,Vermont,50,Owner occupied (dollars),66833,687
B25119_003,2015,Vermont,50,Renter occupied (dollars),32276,689
B25119_001,2015,Virginia,51,All,65015,270
B25119_002,2015,Virginia,51,Owner occupied (dollars),80615,274
B25119_003,2015,Virginia,51,Renter occupied (dollars),41637,329
B25119_001,2015,Washington,53,All,61062,228
B25119_002,2015,Washington,53,Owner occupied (dollars),77441,329
B25119_003,2015,Washington,53,Renter occupied (dollars),39396,325
B25119_001,2015,West Virginia,54,All,41751,433
B25119_002,2015,West Virginia,54,Owner occupied (dollars),49830,524
B25119_003,2015,West Virginia,54,Renter occupied (dollars),23326,552
B25119_001,2015,Wisconsin,55,All,53357,195
B25119_002,2015,Wisconsin,55,Owner occupied (dollars),67795,268
B25119_003,2015,Wisconsin,55,Renter occupied (dollars),30841,203
B25119_001,2015,Wyoming,56,All,58840,934
B25119_002,2015,Wyoming,56,Owner occupied (dollars),71157,1064
B25119_003,2015,Wyoming,56,Renter occupied (dollars),37119,1063
B25119_001,2015,Puerto Rico,72,All,19350,160
B25119_002,2015,Puerto Rico,72,Owner occupied (dollars),24456,201
B25119_003,2015,Puerto Rico,72,Renter occupied (dollars),11066,162
B25119_001,2016,Alabama,01,All,44758,314
B25119_002,2016,Alabama,01,Owner occupied (dollars),55873,351
B25119_003,2016,Alabama,01,Renter occupied (dollars),25999,321
B25119_001,2016,Alaska,02,All,74444,809
B25119_002,2016,Alaska,02,Owner occupied (dollars),90966,1214
B25119_003,2016,Alaska,02,Renter occupied (dollars),51397,974
B25119_001,2016,Arizona,04,All,51340,231
B25119_002,2016,Arizona,04,Owner occupied (dollars),63012,352
B25119_003,2016,Arizona,04,Renter occupied (dollars),35905,309
B25119_001,2016,Arkansas,05,All,42336,234
B25119_002,2016,Arkansas,05,Owner occupied (dollars),53342,405
B25119_003,2016,Arkansas,05,Renter occupied (dollars),26724,288
B25119_001,2016,California,06,All,63783,188
B25119_002,2016,California,06,Owner occupied (dollars),86568,240
B25119_003,2016,California,06,Renter occupied (dollars),43419,166
B25119_001,2016,Colorado,08,All,62520,287
B25119_002,2016,Colorado,08,Owner occupied (dollars),79776,376
B25119_003,2016,Colorado,08,Renter occupied (dollars),39538,407
B25119_001,2016,Connecticut,09,All,71755,473
B25119_002,2016,Connecticut,09,Owner occupied (dollars),94523,616
B25119_003,2016,Connecticut,09,Renter occupied (dollars),37585,483
B25119_001,2016,Delaware,10,All,61017,723
B25119_002,2016,Delaware,10,Owner occupied (dollars),72470,828
B25119_003,2016,Delaware,10,Renter occupied (dollars),38152,1156
B25119_001,2016,District of Columbia,11,All,72935,1164
B25119_002,2016,District of Columbia,11,Owner occupied (dollars),118203,2464
B25119_003,2016,District of Columbia,11,Renter occupied (dollars),49113,1409
B25119_001,2016,Florida,12,All,48900,200
B25119_002,2016,Florida,12,Owner occupied (dollars),59209,262
B25119_003,2016,Florida,12,Renter occupied (dollars),34622,234
B25119_001,2016,Georgia,13,All,51037,182
B25119_002,2016,Georgia,13,Owner occupied (dollars),65914,311
B25119_003,2016,Georgia,13,Renter occupied (dollars),32100,211
B25119_001,2016,Hawaii,15,All,71977,663
B25119_002,2016,Hawaii,15,Owner occupied (dollars),90877,852
B25119_003,2016,Hawaii,15,Renter occupied (dollars),52188,602
B25119_001,2016,Idaho,16,All,49174,425
B25119_002,2016,Idaho,16,Owner occupied (dollars),59554,524
B25119_003,2016,Idaho,16,Renter occupied (dollars),30762,517
B25119_001,2016,Illinois,17,All,59196,236
B25119_002,2016,Illinois,17,Owner occupied (dollars),75354,252
B25119_003,2016,Illinois,17,Renter occupied (dollars),34488,282
B25119_001,2016,Indiana,18,All,50433,195
B25119_002,2016,Indiana,18,Owner occupied (dollars),62593,289
B25119_003,2016,Indiana,18,Renter occupied (dollars),29285,277
B25119_001,2016,Iowa,19,All,54570,300
B25119_002,2016,Iowa,19,Owner occupied (dollars),66527,352
B25119_003,2016,Iowa,19,Renter occupied (dollars),30828,316
B25119_001,2016,Kansas,20,All,53571,305
B25119_002,2016,Kansas,20,Owner occupied (dollars),67823,419
B25119_003,2016,Kansas,20,Renter occupied (dollars),32780,459
B25119_001,2016,Kentucky,21,All,44811,312
B25119_002,2016,Kentucky,21,Owner occupied (dollars),56922,365
B25119_003,2016,Kentucky,21,Renter occupied (dollars),26529,279
B25119_001,2016,Louisiana,22,All,45652,316
B25119_002,2016,Louisiana,22,Owner occupied (dollars),59392,614
B25119_003,2016,Louisiana,22,Renter occupied (dollars),27113,299
B25119_001,2016,Maine,23,All,50826,425
B25119_002,2016,Maine,23,Owner occupied (dollars),61950,502
B25119_003,2016,Maine,23,Renter occupied (dollars),28066,788
B25119_001,2016,Maryland,24,All,76067,423
B25119_002,2016,Maryland,24,Owner occupied (dollars),95994,455
B25119_003,2016,Maryland,24,Renter occupied (dollars),47333,376
B25119_001,2016,Massachusetts,25,All,70954,343
B25119_002,2016,Massachusetts,25,Owner occupied (dollars),95052,429
B25119_003,2016,Massachusetts,25,Renter occupied (dollars),39116,393
B25119_001,2016,Michigan,26,All,50803,162
B25119_002,2016,Michigan,26,Owner occupied (dollars),62251,180
B25119_003,2016,Michigan,26,Renter occupied (dollars),28598,255
B25119_001,2016,Minnesota,27,All,63217,225
B25119_002,2016,Minnesota,27,Owner occupied (dollars),77618,275
B25119_003,2016,Minnesota,27,Renter occupied (dollars),34348,316
B25119_001,2016,Mississippi,28,All,40528,258
B25119_002,2016,Mississippi,28,Owner occupied (dollars),50403,343
B25119_003,2016,Mississippi,28,Renter occupied (dollars),24844,476
B25119_001,2016,Missouri,29,All,49593,259
B25119_002,2016,Missouri,29,Owner occupied (dollars),62242,262
B25119_003,2016,Missouri,29,Renter occupied (dollars),30016,281
B25119_001,2016,Montana,30,All,48380,532
B25119_002,2016,Montana,30,Owner occupied (dollars),60564,624
B25119_003,2016,Montana,30,Renter occupied (dollars),30651,464
B25119_001,2016,Nebraska,31,All,54384,314
B25119_002,2016,Nebraska,31,Owner occupied (dollars),69541,395
B25119_003,2016,Nebraska,31,Renter occupied (dollars),32466,403
B25119_001,2016,Nevada,32,All,53094,378
B25119_002,2016,Nevada,32,Owner occupied (dollars),68369,550
B25119_003,2016,Nevada,32,Renter occupied (dollars),38963,507
B25119_001,2016,New Hampshire,33,All,68485,579
B25119_002,2016,New Hampshire,33,Owner occupied (dollars),83641,699
B25119_003,2016,New Hampshire,33,Renter occupied (dollars),40305,709
B25119_001,2016,New Jersey,34,All,73702,377
B25119_002,2016,New Jersey,34,Owner occupied (dollars),97281,493
B25119_003,2016,New Jersey,34,Renter occupied (dollars),42169,315
B25119_001,2016,New Mexico,35,All,45674,350
B25119_002,2016,New Mexico,35,Owner occupied (dollars),55941,552
B25119_003,2016,New Mexico,35,Renter occupied (dollars),29282,563
B25119_001,2016,New York,36,All,60741,209
B25119_002,2016,New York,36,Owner occupied (dollars),83277,344
B25119_003,2016,New York,36,Renter occupied (dollars),38983,238
B25119_001,2016,North Carolina,37,All,48256,229
B25119_002,2016,North Carolina,37,Owner occupied (dollars),61102,247
B25119_003,2016,North Carolina,37,Renter occupied (dollars),31027,175
B25119_001,2016,North Dakota,38,All,59114,853
B25119_002,2016,North Dakota,38,Owner occupied (dollars),76410,781
B25119_003,2016,North Dakota,38,Renter occupied (dollars),36149,796
B25119_001,2016,Ohio,39,All,50674,157
B25119_002,2016,Ohio,39,Owner occupied (dollars),65077,256
B25119_003,2016,Ohio,39,Renter occupied (dollars),28832,206
B25119_001,2016,Oklahoma,40,All,48038,247
B25119_002,2016,Oklahoma,40,Owner occupied (dollars),60309,268
B25119_003,2016,Oklahoma,40,Renter occupied (dollars),30832,230
B25119_001,2016,Oregon,41,All,53270,327
B25119_002,2016,Oregon,41,Owner occupied (dollars),69328,404
B25119_003,2016,Oregon,41,Renter occupied (dollars),34215,360
B25119_001,2016,Pennsylvania,42,All,54895,185
B25119_002,2016,Pennsylvania,42,Owner occupied (dollars),68587,235
B25119_003,2016,Pennsylvania,42,Renter occupied (dollars),31605,186
B25119_001,2016,Rhode Island,44,All,58387,712
B25119_002,2016,Rhode Island,44,Owner occupied (dollars),82124,831
B25119_003,2016,Rhode Island,44,Renter occupied (dollars),31519,582
B25119_001,2016,South Carolina,45,All,46898,307
B25119_002,2016,South Carolina,45,Owner occupied (dollars),57389,387
B25119_003,2016,South Carolina,45,Renter occupied (dollars),29505,419
B25119_001,2016,South Dakota,46,All,52078,508
B25119_002,2016,South Dakota,46,Owner occupied (dollars),66299,580
B25119_003,2016,South Dakota,46,Renter occupied (dollars),30800,415
B25119_001,2016,Tennessee,47,All,46574,206
B25119_002,2016,Tennessee,47,Owner occupied (dollars),58570,275
B25119_003,2016,Tennessee,47,Renter occupied (dollars),28937,299
B25119_001,2016,Texas,48,All,54727,165
B25119_002,2016,Texas,48,Owner occupied (dollars),70980,244
B25119_003,2016,Texas,48,Renter occupied (dollars),36330,172
B25119_001,2016,Utah,49,All,62518,349
B25119_002,2016,Utah,49,Owner occupied (dollars),75170,442
B25119_003,2016,Utah,49,Renter occupied (dollars),38196,622
B25119_001,2016,Vermont,50,All,56104,793
B25119_002,2016,Vermont,50,Owner occupied (dollars),67938,803
B25119_003,2016,Vermont,50,Renter occupied (dollars),32858,763
B25119_001,2016,Virginia,51,All,66149,285
B25119_002,2016,Virginia,51,Owner occupied (dollars),82180,294
B25119_003,2016,Virginia,51,Renter occupied (dollars),42481,301
B25119_001,2016,Washington,53,All,62848,343
B25119_002,2016,Washington,53,Owner occupied (dollars),79796,386
B25119_003,2016,Washington,53,Renter occupied (dollars),41061,313
B25119_001,2016,West Virginia,54,All,42644,410
B25119_002,2016,West Virginia,54,Owner occupied (dollars),51051,475
B25119_003,2016,West Virginia,54,Renter occupied (dollars),24321,500
B25119_001,2016,Wisconsin,55,All,54610,201
B25119_002,2016,Wisconsin,55,Owner occupied (dollars),69544,298
B25119_003,2016,Wisconsin,55,Renter occupied (dollars),31736,188
B25119_001,2016,Wyoming,56,All,59143,896
B25119_002,2016,Wyoming,56,Owner occupied (dollars),71791,850
B25119_003,2016,Wyoming,56,Renter occupied (dollars),37959,1208
B25119_001,2016,Puerto Rico,72,All,19606,168
B25119_002,2016,Puerto Rico,72,Owner occupied (dollars),24753,234
B25119_003,2016,Puerto Rico,72,Renter occupied (dollars),11236,202
B25119_001,2017,Alabama,01,All,46472,301
B25119_002,2017,Alabama,01,Owner occupied (dollars),57820,404
B25119_003,2017,Alabama,01,Renter occupied (dollars),26957,293
B25119_001,2017,Alaska,02,All,76114,979
B25119_002,2017,Alaska,02,Owner occupied (dollars),92952,1267
B25119_003,2017,Alaska,02,Renter occupied (dollars),53370,1106
B25119_001,2017,Arizona,04,All,53510,259
B25119_002,2017,Arizona,04,Owner occupied (dollars),65845,336
B25119_003,2017,Arizona,04,Renter occupied (dollars),37292,298
B25119_001,2017,Arkansas,05,All,43813,401
B25119_002,2017,Arkansas,05,Owner occupied (dollars),54979,468
B25119_003,2017,Arkansas,05,Renter occupied (dollars),28079,445
B25119_001,2017,California,06,All,67169,192
B25119_002,2017,California,06,Owner occupied (dollars),90735,239
B25119_003,2017,California,06,Renter occupied (dollars),46062,163
B25119_001,2017,Colorado,08,All,65458,317
B25119_002,2017,Colorado,08,Owner occupied (dollars),82905,379
B25119_003,2017,Colorado,08,Renter occupied (dollars),41660,344
B25119_001,2017,Connecticut,09,All,73781,450
B25119_002,2017,Connecticut,09,Owner occupied (dollars),97169,583
B25119_003,2017,Connecticut,09,Renter occupied (dollars),39110,630
B25119_001,2017,Delaware,10,All,63036,738
B25119_002,2017,Delaware,10,Owner occupied (dollars),74688,852
B25119_003,2017,Delaware,10,Renter occupied (dollars),39108,1370
B25119_001,2017,District of Columbia,11,All,77649,1075
B25119_002,2017,District of Columbia,11,Owner occupied (dollars),122552,2324
B25119_003,2017,District of Columbia,11,Renter occupied (dollars),51838,1099
B25119_001,2017,Florida,12,All,50883,140
B25119_002,2017,Florida,12,Owner occupied (dollars),61468,192
B25119_003,2017,Florida,12,Renter occupied (dollars),36189,165
B25119_001,2017,Georgia,13,All,52977,282
B25119_002,2017,Georgia,13,Owner occupied (dollars),68343,435
B25119_003,2017,Georgia,13,Renter occupied (dollars),34176,289
B25119_001,2017,Hawaii,15,All,74923,736
B25119_002,2017,Hawaii,15,Owner occupied (dollars),94123,936
B25119_003,2017,Hawaii,15,Renter occupied (dollars),54216,933
B25119_001,2017,Idaho,16,All,50985,368
B25119_002,2017,Idaho,16,Owner occupied (dollars),61658,550
B25119_003,2017,Idaho,16,Renter occupied (dollars),31998,478
B25119_001,2017,Illinois,17,All,61229,190
B25119_002,2017,Illinois,17,Owner occupied (dollars),77913,250
B25119_003,2017,Illinois,17,Renter occupied (dollars),35889,211
B25119_001,2017,Indiana,18,All,52182,200
B25119_002,2017,Indiana,18,Owner occupied (dollars),64779,271
B25119_003,2017,Indiana,18,Renter occupied (dollars),30541,223
B25119_001,2017,Iowa,19,All,56570,303
B25119_002,2017,Iowa,19,Owner occupied (dollars),69105,339
B25119_003,2017,Iowa,19,Renter occupied (dollars),31975,261
B25119_001,2017,Kansas,20,All,55477,401
B25119_002,2017,Kansas,20,Owner occupied (dollars),70126,545
B25119_003,2017,Kansas,20,Renter occupied (dollars),34059,420
B25119_001,2017,Kentucky,21,All,46535,288
B25119_002,2017,Kentucky,21,Owner occupied (dollars),59071,356
B25119_003,2017,Kentucky,21,Renter occupied (dollars),27888,447
B25119_001,2017,Louisiana,22,All,46710,353
B25119_002,2017,Louisiana,22,Owner occupied (dollars),60968,404
B25119_003,2017,Louisiana,22,Renter occupied (dollars),27400,359
B25119_001,2017,Maine,23,All,53024,513
B25119_002,2017,Maine,23,Owner occupied (dollars),64679,527
B25119_003,2017,Maine,23,Renter occupied (dollars),29350,695
B25119_001,2017,Maryland,24,All,78916,380
B25119_002,2017,Maryland,24,Owner occupied (dollars),99209,465
B25119_003,2017,Maryland,24,Renter occupied (dollars),48919,437
B25119_001,2017,Massachusetts,25,All,74167,380
B25119_002,2017,Massachusetts,25,Owner occupied (dollars),99031,438
B25119_003,2017,Massachusetts,25,Renter occupied (dollars),40760,321
B25119_001,2017,Michigan,26,All,52668,180
B25119_002,2017,Michigan,26,Owner occupied (dollars),64620,222
B25119_003,2017,Michigan,26,Renter occupied (dollars),30356,185
B25119_001,2017,Minnesota,27,All,65699,249
B25119_002,2017,Minnesota,27,Owner occupied (dollars),80592,298
B25119_003,2017,Minnesota,27,Renter occupied (dollars),35964,310
B25119_001,2017,Mississippi,28,All,42009,278
B25119_002,2017,Mississippi,28,Owner occupied (dollars),52069,419
B25119_003,2017,Mississippi,28,Renter occupied (dollars),26144,470
B25119_001,2017,Missouri,29,All,51542,215
B25119_002,2017,Missouri,29,Owner occupied (dollars),64564,309
B25119_003,2017,Missouri,29,Renter occupied (dollars),31469,223
B25119_001,2017,Montana,30,All,50801,479
B25119_002,2017,Montana,30,Owner occupied (dollars),62747,621
B25119_003,2017,Montana,30,Renter occupied (dollars),31618,474
B25119_001,2017,Nebraska,31,All,56675,392
B25119_002,2017,Nebraska,31,Owner occupied (dollars),72289,419
B25119_003,2017,Nebraska,31,Renter occupied (dollars),34629,533
B25119_001,2017,Nevada,32,All,55434,349
B25119_002,2017,Nevada,32,Owner occupied (dollars),70797,493
B25119_003,2017,Nevada,32,Renter occupied (dollars),40528,356
B25119_001,2017,New Hampshire,33,All,71305,733
B25119_002,2017,New Hampshire,33,Owner occupied (dollars),87002,956
B25119_003,2017,New Hampshire,33,Renter occupied (dollars),41638,839
B25119_001,2017,New Jersey,34,All,76475,425
B25119_002,2017,New Jersey,34,Owner occupied (dollars),101103,450
B25119_003,2017,New Jersey,34,Renter occupied (dollars),43991,421
B25119_001,2017,New Mexico,35,All,46718,408
B25119_002,2017,New Mexico,35,Owner occupied (dollars),56930,656
B25119_003,2017,New Mexico,35,Renter occupied (dollars),30085,583
B25119_001,2017,New York,36,All,62765,225
B25119_002,2017,New York,36,Owner occupied (dollars),86275,323
B25119_003,2017,New York,36,Renter occupied (dollars),40357,185
B25119_001,2017,North Carolina,37,All,50320,204
B25119_002,2017,North Carolina,37,Owner occupied (dollars),63390,288
B25119_003,2017,North Carolina,37,Renter occupied (dollars),32220,180
B25119_001,2017,North Dakota,38,All,61285,669
B25119_002,2017,North Dakota,38,Owner occupied (dollars),78946,833
B25119_003,2017,North Dakota,38,Renter occupied (dollars),37233,854
B25119_001,2017,Ohio,39,All,52407,153
B25119_002,2017,Ohio,39,Owner occupied (dollars),67426,220
B25119_003,2017,Ohio,39,Renter occupied (dollars),30375,175
B25119_001,2017,Oklahoma,40,All,49767,240
B25119_002,2017,Oklahoma,40,Owner occupied (dollars),61988,227
B25119_003,2017,Oklahoma,40,Renter occupied (dollars),31826,243
B25119_001,2017,Oregon,41,All,56119,370
B25119_002,2017,Oregon,41,Owner occupied (dollars),72625,425
B25119_003,2017,Oregon,41,Renter occupied (dollars),36295,352
B25119_001,2017,Pennsylvania,42,All,56951,205
B25119_002,2017,Pennsylvania,42,Owner occupied (dollars),71113,251
B25119_003,2017,Pennsylvania,42,Renter occupied (dollars),32610,246
B25119_001,2017,Rhode Island,44,All,61043,763
B25119_002,2017,Rhode Island,44,Owner occupied (dollars),85025,931
B25119_003,2017,Rhode Island,44,Renter occupied (dollars),32361,807
B25119_001,2017,South Carolina,45,All,48781,288
B25119_002,2017,South Carolina,45,Owner occupied (dollars),59583,390
B25119_003,2017,South Carolina,45,Renter occupied (dollars),30814,272
B25119_001,2017,South Dakota,46,All,54126,531
B25119_002,2017,South Dakota,46,Owner occupied (dollars),68701,728
B25119_003,2017,South Dakota,46,Renter occupied (dollars),31487,571
B25119_001,2017,Tennessee,47,All,48708,242
B25119_002,2017,Tennessee,47,Owner occupied (dollars),60787,305
B25119_003,2017,Tennessee,47,Renter occupied (dollars),30580,261
B25119_001,2017,Texas,48,All,57051,183
B25119_002,2017,Texas,48,Owner occupied (dollars),73712,214
B25119_003,2017,Texas,48,Renter occupied (dollars),37958,208
B25119_001,2017,Utah,49,All,65325,407
B25119_002,2017,Utah,49,Owner occupied (dollars),78530,440
B25119_003,2017,Utah,49,Renter occupied (dollars),40217,471
B25119_001,2017,Vermont,50,All,57808,741
B25119_002,2017,Vermont,50,Owner occupied (dollars),70252,885
B25119_003,2017,Vermont,50,Renter occupied (dollars),33949,1099
B25119_001,2017,Virginia,51,All,68766,319
B25119_002,2017,Virginia,51,Owner occupied (dollars),84866,366
B25119_003,2017,Virginia,51,Renter occupied (dollars),44221,381
B25119_001,2017,Washington,53,All,66174,272
B25119_002,2017,Washington,53,Owner occupied (dollars),83343,319
B25119_003,2017,Washington,53,Renter occupied (dollars),43114,367
B25119_001,2017,West Virginia,54,All,44061,439
B25119_002,2017,West Virginia,54,Owner occupied (dollars),52488,469
B25119_003,2017,West Virginia,54,Renter occupied (dollars),25140,490
B25119_001,2017,Wisconsin,55,All,56759,213
B25119_002,2017,Wisconsin,55,Owner occupied (dollars),72067,260
B25119_003,2017,Wisconsin,55,Renter occupied (dollars),33237,296
B25119_001,2017,Wyoming,56,All,60938,836
B25119_002,2017,Wyoming,56,Owner occupied (dollars),73175,1018
B25119_003,2017,Wyoming,56,Renter occupied (dollars),38842,1309
B25119_001,2017,Puerto Rico,72,All,19775,176
B25119_002,2017,Puerto Rico,72,Owner occupied (dollars),24903,225
B25119_003,2017,Puerto Rico,72,Renter occupied (dollars),11356,198
B25119_001,2018,Alabama,01,All,48486,364
B25119_002,2018,Alabama,01,Owner occupied (dollars),60448,425
B25119_003,2018,Alabama,01,Renter occupied (dollars),28048,418
B25119_001,2018,Alaska,02,All,76715,894
B25119_002,2018,Alaska,02,Owner occupied (dollars),94028,1425
B25119_003,2018,Alaska,02,Renter occupied (dollars),54067,1087
B25119_001,2018,Arizona,04,All,56213,275
B25119_002,2018,Arizona,04,Owner occupied (dollars),68830,413
B25119_003,2018,Arizona,04,Renter occupied (dollars),39609,376
B25119_001,2018,Arkansas,05,All,45726,350
B25119_002,2018,Arkansas,05,Owner occupied (dollars),57146,542
B25119_003,2018,Arkansas,05,Renter occupied (dollars),29323,319
B25119_001,2018,California,06,All,71228,217
B25119_002,2018,California,06,Owner occupied (dollars),95072,244
B25119_003,2018,California,06,Renter occupied (dollars),49294,171
B25119_001,2018,Colorado,08,All,68811,364
B25119_002,2018,Colorado,08,Owner occupied (dollars),86228,415
B25119_003,2018,Colorado,08,Renter occupied (dollars),44327,445
B25119_001,2018,Connecticut,09,All,76106,552
B25119_002,2018,Connecticut,09,Owner occupied (dollars),100809,581
B25119_003,2018,Connecticut,09,Renter occupied (dollars),40516,460
B25119_001,2018,Delaware,10,All,65627,768
B25119_002,2018,Delaware,10,Owner occupied (dollars),77854,974
B25119_003,2018,Delaware,10,Renter occupied (dollars),40731,977
B25119_001,2018,District of Columbia,11,All,82604,1081
B25119_002,2018,District of Columbia,11,Owner occupied (dollars),128264,2234
B25119_003,2018,District of Columbia,11,Renter occupied (dollars),54874,1445
B25119_001,2018,Florida,12,All,53267,181
B25119_002,2018,Florida,12,Owner occupied (dollars),64206,226
B25119_003,2018,Florida,12,Renter occupied (dollars),38124,206
B25119_001,2018,Georgia,13,All,55679,243
B25119_002,2018,Georgia,13,Owner occupied (dollars),71659,349
B25119_003,2018,Georgia,13,Renter occupied (dollars),36293,259
B25119_001,2018,Hawaii,15,All,78084,607
B25119_002,2018,Hawaii,15,Owner occupied (dollars),97826,1063
B25119_003,2018,Hawaii,15,Renter occupied (dollars),56215,1013
B25119_001,2018,Idaho,16,All,53089,400
B25119_002,2018,Idaho,16,Owner occupied (dollars),64212,540
B25119_003,2018,Idaho,16,Renter occupied (dollars),33567,731
B25119_001,2018,Illinois,17,All,63575,187
B25119_002,2018,Illinois,17,Owner occupied (dollars),80931,245
B25119_003,2018,Illinois,17,Renter occupied (dollars),37410,249
B25119_001,2018,Indiana,18,All,54325,230
B25119_002,2018,Indiana,18,Owner occupied (dollars),67416,282
B25119_003,2018,Indiana,18,Renter occupied (dollars),31650,227
B25119_001,2018,Iowa,19,All,58580,313
B25119_002,2018,Iowa,19,Owner occupied (dollars),71393,417
B25119_003,2018,Iowa,19,Renter occupied (dollars),33130,450
B25119_001,2018,Kansas,20,All,57422,337
B25119_002,2018,Kansas,20,Owner occupied (dollars),72526,409
B25119_003,2018,Kansas,20,Renter occupied (dollars),35411,475
B25119_001,2018,Kentucky,21,All,48392,291
B25119_002,2018,Kentucky,21,Owner occupied (dollars),61141,349
B25119_003,2018,Kentucky,21,Renter occupied (dollars),29679,366
B25119_001,2018,Louisiana,22,All,47942,363
B25119_002,2018,Louisiana,22,Owner occupied (dollars),62766,452
B25119_003,2018,Louisiana,22,Renter occupied (dollars),28068,378
B25119_001,2018,Maine,23,All,55425,588
B25119_002,2018,Maine,23,Owner occupied (dollars),67513,564
B25119_003,2018,Maine,23,Renter occupied (dollars),30739,605
B25119_001,2018,Maryland,24,All,81868,431
B25119_002,2018,Maryland,24,Owner occupied (dollars),102696,442
B25119_003,2018,Maryland,24,Renter occupied (dollars),50423,350
B25119_001,2018,Massachusetts,25,All,77378,425
B25119_002,2018,Massachusetts,25,Owner occupied (dollars),103235,498
B25119_003,2018,Massachusetts,25,Renter occupied (dollars),42606,376
B25119_001,2018,Michigan,26,All,54938,166
B25119_002,2018,Michigan,26,Owner occupied (dollars),67364,242
B25119_003,2018,Michigan,26,Renter occupied (dollars),31565,181
B25119_001,2018,Minnesota,27,All,68411,276
B25119_002,2018,Minnesota,27,Owner occupied (dollars),83692,301
B25119_003,2018,Minnesota,27,Renter occupied (dollars),37686,333
B25119_001,2018,Mississippi,28,All,43567,395
B25119_002,2018,Mississippi,28,Owner occupied (dollars),54078,502
B25119_003,2018,Mississippi,28,Renter occupied (dollars),26980,366
B25119_001,2018,Missouri,29,All,53560,221
B25119_002,2018,Missouri,29,Owner occupied (dollars),67274,329
B25119_003,2018,Missouri,29,Renter occupied (dollars),32673,284
B25119_001,2018,Montana,30,All,52559,587
B25119_002,2018,Montana,30,Owner occupied (dollars),64259,656
B25119_003,2018,Montana,30,Renter occupied (dollars),33235,800
B25119_001,2018,Nebraska,31,All,59116,346
B25119_002,2018,Nebraska,31,Owner occupied (dollars),74926,472
B25119_003,2018,Nebraska,31,Renter occupied (dollars),36135,397
B25119_001,2018,Nevada,32,All,57598,408
B25119_002,2018,Nevada,32,Owner occupied (dollars),73882,552
B25119_003,2018,Nevada,32,Renter occupied (dollars),41435,396
B25119_001,2018,New Hampshire,33,All,74057,714
B25119_002,2018,New Hampshire,33,Owner occupied (dollars),90782,755
B25119_003,2018,New Hampshire,33,Renter occupied (dollars),42486,692
B25119_001,2018,New Jersey,34,All,79363,386
B25119_002,2018,New Jersey,34,Owner occupied (dollars),104743,478
B25119_003,2018,New Jersey,34,Renter occupied (dollars),46034,450
B25119_001,2018,New Mexico,35,All,48059,438
B25119_002,2018,New Mexico,35,Owner occupied (dollars),58417,653
B25119_003,2018,New Mexico,35,Renter occupied (dollars),30871,409
B25119_001,2018,New York,36,All,65323,270
B25119_002,2018,New York,36,Owner occupied (dollars),89808,331
B25119_003,2018,New York,36,Renter occupied (dollars),41908,205
B25119_001,2018,North Carolina,37,All,52413,224
B25119_002,2018,North Carolina,37,Owner occupied (dollars),65961,325
B25119_003,2018,North Carolina,37,Renter occupied (dollars),33968,247
B25119_001,2018,North Dakota,38,All,63473,688
B25119_002,2018,North Dakota,38,Owner occupied (dollars),81995,768
B25119_003,2018,North Dakota,38,Renter occupied (dollars),39958,893
B25119_001,2018,Ohio,39,All,54533,167
B25119_002,2018,Ohio,39,Owner occupied (dollars),70168,235
B25119_003,2018,Ohio,39,Renter occupied (dollars),31612,151
B25119_001,2018,Oklahoma,40,All,51424,213
B25119_002,2018,Oklahoma,40,Owner occupied (dollars),64003,270
B25119_003,2018,Oklahoma,40,Renter occupied (dollars),33016,423
B25119_001,2018,Oregon,41,All,59393,384
B25119_002,2018,Oregon,41,Owner occupied (dollars),75804,435
B25119_003,2018,Oregon,41,Renter occupied (dollars),38803,494
B25119_001,2018,Pennsylvania,42,All,59445,234
B25119_002,2018,Pennsylvania,42,Owner occupied (dollars),73783,250
B25119_003,2018,Pennsylvania,42,Renter occupied (dollars),34522,252
B25119_001,2018,Rhode Island,44,All,63296,705
B25119_002,2018,Rhode Island,44,Owner occupied (dollars),88027,928
B25119_003,2018,Rhode Island,44,Renter occupied (dollars),34255,878
B25119_001,2018,South Carolina,45,All,51015,271
B25119_002,2018,South Carolina,45,Owner occupied (dollars),62093,356
B25119_003,2018,South Carolina,45,Renter occupied (dollars),32068,285
B25119_001,2018,South Dakota,46,All,56499,508
B25119_002,2018,South Dakota,46,Owner occupied (dollars),71503,843
B25119_003,2018,South Dakota,46,Renter occupied (dollars),32510,685
B25119_001,2018,Tennessee,47,All,50972,250
B25119_002,2018,Tennessee,47,Owner occupied (dollars),63411,323
B25119_003,2018,Tennessee,47,Renter occupied (dollars),32090,257
B25119_001,2018,Texas,48,All,59570,209
B25119_002,2018,Texas,48,Owner occupied (dollars),76645,278
B25119_003,2018,Texas,48,Renter occupied (dollars),40039,184
B25119_001,2018,Utah,49,All,68374,437
B25119_002,2018,Utah,49,Owner occupied (dollars),81988,612
B25119_003,2018,Utah,49,Renter occupied (dollars),41832,469
B25119_001,2018,Vermont,50,All,60076,656
B25119_002,2018,Vermont,50,Owner occupied (dollars),72439,773
B25119_003,2018,Vermont,50,Renter occupied (dollars),35759,860
B25119_001,2018,Virginia,51,All,71564,326
B25119_002,2018,Virginia,51,Owner occupied (dollars),88087,396
B25119_003,2018,Virginia,51,Renter occupied (dollars),46029,376
B25119_001,2018,Washington,53,All,70116,308
B25119_002,2018,Washington,53,Owner occupied (dollars),87309,380
B25119_003,2018,Washington,53,Renter occupied (dollars),46576,358
B25119_001,2018,West Virginia,54,All,44921,470
B25119_002,2018,West Virginia,54,Owner occupied (dollars),53410,486
B25119_003,2018,West Virginia,54,Renter occupied (dollars),26160,549
B25119_001,2018,Wisconsin,55,All,59209,236
B25119_002,2018,Wisconsin,55,Owner occupied (dollars),74688,252
B25119_003,2018,Wisconsin,55,Renter occupied (dollars),35139,279
B25119_001,2018,Wyoming,56,All,62268,932
B25119_002,2018,Wyoming,56,Owner occupied (dollars),74990,1088
B25119_003,2018,Wyoming,56,Renter occupied (dollars),39530,1354
B25119_001,2018,Puerto Rico,72,All,20166,190
B25119_002,2018,Puerto Rico,72,Owner occupied (dollars),25493,234
B25119_003,2018,Puerto Rico,72,Renter occupied (dollars),11631,187
B25119_001,2019,Alabama,01,All,50536,304
B25119_002,2019,Alabama,01,Owner occupied (dollars),62629,311
B25119_003,2019,Alabama,01,Renter occupied (dollars),29540,430
B25119_001,2019,Alaska,02,All,77640,1015
B25119_002,2019,Alaska,02,Owner occupied (dollars),95334,1272
B25119_003,2019,Alaska,02,Renter occupied (dollars),54661,1088
B25119_001,2019,Arizona,04,All,58945,266
B25119_002,2019,Arizona,04,Owner occupied (dollars),71923,365
B25119_003,2019,Arizona,04,Renter occupied (dollars),41419,323
B25119_001,2019,Arkansas,05,All,47597,328
B25119_002,2019,Arkansas,05,Owner occupied (dollars),59408,487
B25119_003,2019,Arkansas,05,Renter occupied (dollars),30511,337
B25119_001,2019,California,06,All,75235,232
B25119_002,2019,California,06,Owner occupied (dollars),99734,281
B25119_003,2019,California,06,Renter occupied (dollars),52167,160
B25119_001,2019,Colorado,08,All,72331,370
B25119_002,2019,Colorado,08,Owner occupied (dollars),90194,440
B25119_003,2019,Colorado,08,Renter occupied (dollars),47251,482
B25119_001,2019,Connecticut,09,All,78444,553
B25119_002,2019,Connecticut,09,Owner occupied (dollars),103671,655
B25119_003,2019,Connecticut,09,Renter occupied (dollars),41866,433
B25119_001,2019,Delaware,10,All,68287,696
B25119_002,2019,Delaware,10,Owner occupied (dollars),81136,1023
B25119_003,2019,Delaware,10,Renter occupied (dollars),41984,1158
B25119_001,2019,District of Columbia,11,All,86420,1008
B25119_002,2019,District of Columbia,11,Owner occupied (dollars),136208,3074
B25119_003,2019,District of Columbia,11,Renter occupied (dollars),57963,1613
B25119_001,2019,Florida,12,All,55660,220
B25119_002,2019,Florida,12,Owner occupied (dollars),67113,292
B25119_003,2019,Florida,12,Renter occupied (dollars),40113,243
B25119_001,2019,Georgia,13,All,58700,294
B25119_002,2019,Georgia,13,Owner occupied (dollars),74851,378
B25119_003,2019,Georgia,13,Renter occupied (dollars),38345,328
B25119_001,2019,Hawaii,15,All,81275,780
B25119_002,2019,Hawaii,15,Owner occupied (dollars),101056,1066
B25119_003,2019,Hawaii,15,Renter occupied (dollars),58535,1153
B25119_001,2019,Idaho,16,All,55785,539
B25119_002,2019,Idaho,16,Owner occupied (dollars),67135,550
B25119_003,2019,Idaho,16,Renter occupied (dollars),35175,710
B25119_001,2019,Illinois,17,All,65886,283
B25119_002,2019,Illinois,17,Owner occupied (dollars),83984,294
B25119_003,2019,Illinois,17,Renter occupied (dollars),38964,265
B25119_001,2019,Indiana,18,All,56303,271
B25119_002,2019,Indiana,18,Owner occupied (dollars),70209,320
B25119_003,2019,Indiana,18,Renter occupied (dollars),32634,351
B25119_001,2019,Iowa,19,All,60523,321
B25119_002,2019,Iowa,19,Owner occupied (dollars),73907,388
B25119_003,2019,Iowa,19,Renter occupied (dollars),34470,499
B25119_001,2019,Kansas,20,All,59597,337
B25119_002,2019,Kansas,20,Owner occupied (dollars),75035,419
B25119_003,2019,Kansas,20,Renter occupied (dollars),36860,425
B25119_001,2019,Kentucky,21,All,50589,294
B25119_002,2019,Kentucky,21,Owner occupied (dollars),63344,373
B25119_003,2019,Kentucky,21,Renter occupied (dollars),31166,301
B25119_001,2019,Louisiana,22,All,49469,392
B25119_002,2019,Louisiana,22,Owner occupied (dollars),64350,405
B25119_003,2019,Louisiana,22,Renter occupied (dollars),28463,411
B25119_001,2019,Maine,23,All,57918,496
B25119_002,2019,Maine,23,Owner occupied (dollars),70344,494
B25119_003,2019,Maine,23,Renter occupied (dollars),32235,603
B25119_001,2019,Maryland,24,All,84805,465
B25119_002,2019,Maryland,24,Owner occupied (dollars),105796,415
B25119_003,2019,Maryland,24,Renter occupied (dollars),51837,437
B25119_001,2019,Massachusetts,25,All,81215,429
B25119_002,2019,Massachusetts,25,Owner occupied (dollars),107223,433
B25119_003,2019,Massachusetts,25,Renter occupied (dollars),45195,412
B25119_001,2019,Michigan,26,All,57144,216
B25119_002,2019,Michigan,26,Owner occupied (dollars),70014,241
B25119_003,2019,Michigan,26,Renter occupied (dollars),32701,295
B25119_001,2019,Minnesota,27,All,71306,262
B25119_002,2019,Minnesota,27,Owner occupied (dollars),86805,269
B25119_003,2019,Minnesota,27,Renter occupied (dollars),39637,337
B25119_001,2019,Mississippi,28,All,45081,385
B25119_002,2019,Mississippi,28,Owner occupied (dollars),55904,547
B25119_003,2019,Mississippi,28,Renter occupied (dollars),27460,590
B25119_001,2019,Missouri,29,All,55461,294
B25119_002,2019,Missouri,29,Owner occupied (dollars),69994,337
B25119_003,2019,Missouri,29,Renter occupied (dollars),34153,381
B25119_001,2019,Montana,30,All,54970,606
B25119_002,2019,Montana,30,Owner occupied (dollars),66978,783
B25119_003,2019,Montana,30,Renter occupied (dollars),34917,711
B25119_001,2019,Nebraska,31,All,61439,416
B25119_002,2019,Nebraska,31,Owner occupied (dollars),77553,489
B25119_003,2019,Nebraska,31,Renter occupied (dollars),37464,440
B25119_001,2019,Nevada,32,All,60365,409
B25119_002,2019,Nevada,32,Owner occupied (dollars),77431,600
B25119_003,2019,Nevada,32,Renter occupied (dollars),42949,577
B25119_001,2019,New Hampshire,33,All,76768,728
B25119_002,2019,New Hampshire,33,Owner occupied (dollars),94343,897
B25119_003,2019,New Hampshire,33,Renter occupied (dollars),44060,1134
B25119_001,2019,New Jersey,34,All,82545,400
B25119_002,2019,New Jersey,34,Owner occupied (dollars),108325,411
B25119_003,2019,New Jersey,34,Renter occupied (dollars),48156,425
B25119_001,2019,New Mexico,35,All,49754,430
B25119_002,2019,New Mexico,35,Owner occupied (dollars),60492,724
B25119_003,2019,New Mexico,35,Renter occupied (dollars),31881,469
B25119_001,2019,New York,36,All,68486,313
B25119_002,2019,New York,36,Owner occupied (dollars),93406,385
B25119_003,2019,New York,36,Renter occupied (dollars),44316,237
B25119_001,2019,North Carolina,37,All,54602,231
B25119_002,2019,North Carolina,37,Owner occupied (dollars),68842,335
B25119_003,2019,North Carolina,37,Renter occupied (dollars),35826,242
B25119_001,2019,North Dakota,38,All,64894,813
B25119_002,2019,North Dakota,38,Owner occupied (dollars),84670,1072
B25119_003,2019,North Dakota,38,Renter occupied (dollars),40745,876
B25119_001,2019,Ohio,39,All,56602,213
B25119_002,2019,Ohio,39,Owner occupied (dollars),72564,236
B25119_003,2019,Ohio,39,Renter occupied (dollars),32776,257
B25119_001,2019,Oklahoma,40,All,52919,225
B25119_002,2019,Oklahoma,40,Owner occupied (dollars),65992,361
B25119_003,2019,Oklahoma,40,Renter occupied (dollars),34357,414
B25119_001,2019,Oregon,41,All,62818,304
B25119_002,2019,Oregon,41,Owner occupied (dollars),79569,457
B25119_003,2019,Oregon,41,Renter occupied (dollars),41372,408
B25119_001,2019,Pennsylvania,42,All,61744,189
B25119_002,2019,Pennsylvania,42,Owner occupied (dollars),76553,226
B25119_003,2019,Pennsylvania,42,Renter occupied (dollars),36056,260
B25119_001,2019,Rhode Island,44,All,67167,958
B25119_002,2019,Rhode Island,44,Owner occupied (dollars),91578,1029
B25119_003,2019,Rhode Island,44,Renter occupied (dollars),36078,859
B25119_001,2019,South Carolina,45,All,53199,276
B25119_002,2019,South Carolina,45,Owner occupied (dollars),64561,351
B25119_003,2019,South Carolina,45,Renter occupied (dollars),33480,391
B25119_001,2019,South Dakota,46,All,58275,643
B25119_002,2019,South Dakota,46,Owner occupied (dollars),73860,859
B25119_003,2019,South Dakota,46,Renter occupied (dollars),34206,762
B25119_001,2019,Tennessee,47,All,53320,260
B25119_002,2019,Tennessee,47,Owner occupied (dollars),66348,378
B25119_003,2019,Tennessee,47,Renter occupied (dollars),34149,381
B25119_001,2019,Texas,48,All,61874,208
B25119_002,2019,Texas,48,Owner occupied (dollars),79621,298
B25119_003,2019,Texas,48,Renter occupied (dollars),41783,186
B25119_001,2019,Utah,49,All,71621,447
B25119_002,2019,Utah,49,Owner occupied (dollars),85754,486
B25119_003,2019,Utah,49,Renter occupied (dollars),44201,598
B25119_001,2019,Vermont,50,All,61973,662
B25119_002,2019,Vermont,50,Owner occupied (dollars),75634,907
B25119_003,2019,Vermont,50,Renter occupied (dollars),35969,926
B25119_001,2019,Virginia,51,All,74222,341
B25119_002,2019,Virginia,51,Owner occupied (dollars),91110,434
B25119_003,2019,Virginia,51,Renter occupied (dollars),48085,367
B25119_001,2019,Washington,53,All,73775,298
B25119_002,2019,Washington,53,Owner occupied (dollars),91636,398
B25119_003,2019,Washington,53,Renter occupied (dollars),49330,393
B25119_001,2019,West Virginia,54,All,46711,492
B25119_002,2019,West Virginia,54,Owner occupied (dollars),55286,557
B25119_003,2019,West Virginia,54,Renter occupied (dollars),26685,547
B25119_001,2019,Wisconsin,55,All,61747,204
B25119_002,2019,Wisconsin,55,Owner occupied (dollars),77640,314
B25119_003,2019,Wisconsin,55,Renter occupied (dollars),36712,297
B25119_001,2019,Wyoming,56,All,64049,707
B25119_002,2019,Wyoming,56,Owner occupied (dollars),77153,851
B25119_003,2019,Wyoming,56,Renter occupied (dollars),40313,1365
B25119_001,2019,Puerto Rico,72,All,20539,185
B25119_002,2019,Puerto Rico,72,Owner occupied (dollars),25852,225
B25119_003,2019,Puerto Rico,72,Renter occupied (dollars),11796,192
