variable,year,locality,fips,tenure,estimate,moe
B25119_001,2010,"Albemarle County, Virginia",51003,All,59499,5892
B25119_002,2010,"Albemarle County, Virginia",51003,Owner occupied (dollars),77078,8699
B25119_003,2010,"Albemarle County, Virginia",51003,Renter occupied (dollars),38718,4899
B25119_001,2010,"Arlington County, Virginia",51013,All,94986,4776
B25119_002,2010,"Arlington County, Virginia",51013,Owner occupied (dollars),126202,7309
B25119_003,2010,"Arlington County, Virginia",51013,Renter occupied (dollars),76196,3745
B25119_001,2010,"Augusta County, Virginia",51015,All,49903,3193
B25119_002,2010,"Augusta County, Virginia",51015,Owner occupied (dollars),57111,5297
B25119_003,2010,"Augusta County, Virginia",51015,Renter occupied (dollars),28060,6461
B25119_001,2010,"Bedford County, Virginia",51019,All,49002,4798
B25119_002,2010,"Bedford County, Virginia",51019,Owner occupied (dollars),58469,6805
B25119_003,2010,"Bedford County, Virginia",51019,Renter occupied (dollars),30613,8560
B25119_001,2010,"Chesterfield County, Virginia",51041,All,69149,3229
B25119_002,2010,"Chesterfield County, Virginia",51041,Owner occupied (dollars),80174,4218
B25119_003,2010,"Chesterfield County, Virginia",51041,Renter occupied (dollars),39741,3554
B25119_001,2010,"Fairfax County, Virginia",51059,All,103010,2121
B25119_002,2010,"Fairfax County, Virginia",51059,Owner occupied (dollars),126846,1993
B25119_003,2010,"Fairfax County, Virginia",51059,Renter occupied (dollars),64845,4414
B25119_001,2010,"Fauquier County, Virginia",51061,All,85614,6123
B25119_002,2010,"Fauquier County, Virginia",51061,Owner occupied (dollars),100531,7841
B25119_003,2010,"Fauquier County, Virginia",51061,Renter occupied (dollars),40021,11204
B25119_001,2010,"Frederick County, Virginia",51069,All,63331,5410
B25119_002,2010,"Frederick County, Virginia",51069,Owner occupied (dollars),69665,6650
B25119_003,2010,"Frederick County, Virginia",51069,Renter occupied (dollars),45901,8910
B25119_001,2010,"Hanover County, Virginia",51085,All,71891,4420
B25119_002,2010,"Hanover County, Virginia",51085,Owner occupied (dollars),80856,5555
B25119_003,2010,"Hanover County, Virginia",51085,Renter occupied (dollars),39573,9403
B25119_001,2010,"Henrico County, Virginia",51087,All,59202,3837
B25119_002,2010,"Henrico County, Virginia",51087,Owner occupied (dollars),76728,3403
B25119_003,2010,"Henrico County, Virginia",51087,Renter occupied (dollars),37437,3986
B25119_001,2010,"James City County, Virginia",51095,All,74706,5106
B25119_002,2010,"James City County, Virginia",51095,Owner occupied (dollars),87456,6918
B25119_003,2010,"James City County, Virginia",51095,Renter occupied (dollars),41488,4272
B25119_001,2010,"Loudoun County, Virginia",51107,All,119540,3915
B25119_002,2010,"Loudoun County, Virginia",51107,Owner occupied (dollars),130004,3523
B25119_003,2010,"Loudoun County, Virginia",51107,Renter occupied (dollars),66058,8121
B25119_001,2010,"Montgomery County, Virginia",51121,All,40685,6701
B25119_002,2010,"Montgomery County, Virginia",51121,Owner occupied (dollars),66187,10043
B25119_003,2010,"Montgomery County, Virginia",51121,Renter occupied (dollars),19543,3022
B25119_001,2010,"Prince William County, Virginia",51153,All,92655,3848
B25119_002,2010,"Prince William County, Virginia",51153,Owner occupied (dollars),110587,3935
B25119_003,2010,"Prince William County, Virginia",51153,Renter occupied (dollars),54594,5619
B25119_001,2010,"Roanoke County, Virginia",51161,All,57212,4481
B25119_002,2010,"Roanoke County, Virginia",51161,Owner occupied (dollars),68223,6212
B25119_003,2010,"Roanoke County, Virginia",51161,Renter occupied (dollars),33897,5792
B25119_001,2010,"Rockingham County, Virginia",51165,All,48243,3397
B25119_002,2010,"Rockingham County, Virginia",51165,Owner occupied (dollars),56976,4689
B25119_003,2010,"Rockingham County, Virginia",51165,Renter occupied (dollars),31739,4769
B25119_001,2010,"Spotsylvania County, Virginia",51177,All,72217,3621
B25119_002,2010,"Spotsylvania County, Virginia",51177,Owner occupied (dollars),80785,11469
B25119_003,2010,"Spotsylvania County, Virginia",51177,Renter occupied (dollars),45320,11008
B25119_001,2010,"Stafford County, Virginia",51179,All,94317,3923
B25119_002,2010,"Stafford County, Virginia",51179,Owner occupied (dollars),103928,6048
B25119_003,2010,"Stafford County, Virginia",51179,Renter occupied (dollars),58111,7264
B25119_001,2010,"York County, Virginia",51199,All,79120,8129
B25119_002,2010,"York County, Virginia",51199,Owner occupied (dollars),91474,5729
B25119_003,2010,"York County, Virginia",51199,Renter occupied (dollars),39848,11265
B25119_001,2010,"Alexandria city, Virginia",51510,All,77793,5014
B25119_002,2010,"Alexandria city, Virginia",51510,Owner occupied (dollars),125274,7865
B25119_003,2010,"Alexandria city, Virginia",51510,Renter occupied (dollars),56753,3006
B25119_001,2010,"Chesapeake city, Virginia",51550,All,68955,3078
B25119_002,2010,"Chesapeake city, Virginia",51550,Owner occupied (dollars),78480,3246
B25119_003,2010,"Chesapeake city, Virginia",51550,Renter occupied (dollars),41638,6860
B25119_001,2010,"Hampton city, Virginia",51650,All,51275,1446
B25119_002,2010,"Hampton city, Virginia",51650,Owner occupied (dollars),66802,2979
B25119_003,2010,"Hampton city, Virginia",51650,Renter occupied (dollars),33989,4132
B25119_001,2010,"Lynchburg city, Virginia",51680,All,35156,3544
B25119_002,2010,"Lynchburg city, Virginia",51680,Owner occupied (dollars),52412,5800
B25119_003,2010,"Lynchburg city, Virginia",51680,Renter occupied (dollars),23541,5953
B25119_001,2010,"Newport News city, Virginia",51700,All,50937,2777
B25119_002,2010,"Newport News city, Virginia",51700,Owner occupied (dollars),68599,3895
B25119_003,2010,"Newport News city, Virginia",51700,Renter occupied (dollars),34442,3181
B25119_001,2010,"Norfolk city, Virginia",51710,All,41613,2134
B25119_002,2010,"Norfolk city, Virginia",51710,Owner occupied (dollars),60495,2873
B25119_003,2010,"Norfolk city, Virginia",51710,Renter occupied (dollars),31040,1548
B25119_001,2010,"Portsmouth city, Virginia",51740,All,43674,3013
B25119_002,2010,"Portsmouth city, Virginia",51740,Owner occupied (dollars),54526,6515
B25119_003,2010,"Portsmouth city, Virginia",51740,Renter occupied (dollars),28561,6361
B25119_001,2010,"Richmond city, Virginia",51760,All,39608,2341
B25119_002,2010,"Richmond city, Virginia",51760,Owner occupied (dollars),65693,4952
B25119_003,2010,"Richmond city, Virginia",51760,Renter occupied (dollars),26531,2253
B25119_001,2010,"Roanoke city, Virginia",51770,All,37472,2681
B25119_002,2010,"Roanoke city, Virginia",51770,Owner occupied (dollars),46526,2965
B25119_003,2010,"Roanoke city, Virginia",51770,Renter occupied (dollars),24288,4671
B25119_001,2010,"Suffolk city, Virginia",51800,All,69294,6608
B25119_002,2010,"Suffolk city, Virginia",51800,Owner occupied (dollars),79775,3482
B25119_003,2010,"Suffolk city, Virginia",51800,Renter occupied (dollars),28800,10920
B25119_001,2010,"Virginia Beach city, Virginia",51810,All,64212,2475
B25119_002,2010,"Virginia Beach city, Virginia",51810,Owner occupied (dollars),78147,2878
B25119_003,2010,"Virginia Beach city, Virginia",51810,Renter occupied (dollars),44333,3371
B25119_001,2011,"Albemarle County, Virginia",51003,All,63001,6126
B25119_002,2011,"Albemarle County, Virginia",51003,Owner occupied (dollars),90805,8742
B25119_003,2011,"Albemarle County, Virginia",51003,Renter occupied (dollars),38184,3105
B25119_001,2011,"Arlington County, Virginia",51013,All,100735,6069
B25119_002,2011,"Arlington County, Virginia",51013,Owner occupied (dollars),142893,10678
B25119_003,2011,"Arlington County, Virginia",51013,Renter occupied (dollars),77253,7845
B25119_001,2011,"Augusta County, Virginia",51015,All,47326,8384
B25119_002,2011,"Augusta County, Virginia",51015,Owner occupied (dollars),53961,5792
B25119_003,2011,"Augusta County, Virginia",51015,Renter occupied (dollars),26835,8761
B25119_001,2011,"Bedford County, Virginia",51019,All,59980,4785
B25119_002,2011,"Bedford County, Virginia",51019,Owner occupied (dollars),63238,4850
B25119_003,2011,"Bedford County, Virginia",51019,Renter occupied (dollars),29536,11698
B25119_001,2011,"Chesterfield County, Virginia",51041,All,71110,2303
B25119_002,2011,"Chesterfield County, Virginia",51041,Owner occupied (dollars),80275,3885
B25119_003,2011,"Chesterfield County, Virginia",51041,Renter occupied (dollars),45476,2983
B25119_001,2011,"Fairfax County, Virginia",51059,All,105797,2682
B25119_002,2011,"Fairfax County, Virginia",51059,Owner occupied (dollars),132152,3305
B25119_003,2011,"Fairfax County, Virginia",51059,Renter occupied (dollars),69477,3673
B25119_001,2011,"Fauquier County, Virginia",51061,All,93762,13620
B25119_002,2011,"Fauquier County, Virginia",51061,Owner occupied (dollars),107591,6075
B25119_003,2011,"Fauquier County, Virginia",51061,Renter occupied (dollars),60018,17554
B25119_001,2011,"Frederick County, Virginia",51069,All,69155,8633
B25119_002,2011,"Frederick County, Virginia",51069,Owner occupied (dollars),73488,8458
B25119_003,2011,"Frederick County, Virginia",51069,Renter occupied (dollars),41396,16138
B25119_001,2011,"Hanover County, Virginia",51085,All,67505,7951
B25119_002,2011,"Hanover County, Virginia",51085,Owner occupied (dollars),78378,6211
B25119_003,2011,"Hanover County, Virginia",51085,Renter occupied (dollars),34688,7268
B25119_001,2011,"Henrico County, Virginia",51087,All,57860,2778
B25119_002,2011,"Henrico County, Virginia",51087,Owner occupied (dollars),72803,3692
B25119_003,2011,"Henrico County, Virginia",51087,Renter occupied (dollars),38927,2556
B25119_001,2011,"James City County, Virginia",51095,All,71667,8751
B25119_002,2011,"James City County, Virginia",51095,Owner occupied (dollars),84020,5158
B25119_003,2011,"James City County, Virginia",51095,Renter occupied (dollars),40581,13556
B25119_001,2011,"Loudoun County, Virginia",51107,All,119134,6794
B25119_002,2011,"Loudoun County, Virginia",51107,Owner occupied (dollars),134463,5668
B25119_003,2011,"Loudoun County, Virginia",51107,Renter occupied (dollars),68669,9000
B25119_001,2011,"Montgomery County, Virginia",51121,All,43982,6245
B25119_002,2011,"Montgomery County, Virginia",51121,Owner occupied (dollars),73575,10988
B25119_003,2011,"Montgomery County, Virginia",51121,Renter occupied (dollars),25490,3306
B25119_001,2011,"Prince William County, Virginia",51153,All,95146,5195
B25119_002,2011,"Prince William County, Virginia",51153,Owner occupied (dollars),113205,7634
B25119_003,2011,"Prince William County, Virginia",51153,Renter occupied (dollars),58623,3483
B25119_001,2011,"Roanoke County, Virginia",51161,All,61615,6009
B25119_002,2011,"Roanoke County, Virginia",51161,Owner occupied (dollars),70379,6057
B25119_003,2011,"Roanoke County, Virginia",51161,Renter occupied (dollars),32873,4616
B25119_001,2011,"Rockingham County, Virginia",51165,All,51889,3754
B25119_002,2011,"Rockingham County, Virginia",51165,Owner occupied (dollars),57763,4789
B25119_003,2011,"Rockingham County, Virginia",51165,Renter occupied (dollars),33689,6226
B25119_001,2011,"Spotsylvania County, Virginia",51177,All,76475,5573
B25119_002,2011,"Spotsylvania County, Virginia",51177,Owner occupied (dollars),88881,7646
B25119_003,2011,"Spotsylvania County, Virginia",51177,Renter occupied (dollars),62609,12721
B25119_001,2011,"Stafford County, Virginia",51179,All,91348,5800
B25119_002,2011,"Stafford County, Virginia",51179,Owner occupied (dollars),102478,7094
B25119_003,2011,"Stafford County, Virginia",51179,Renter occupied (dollars),50307,12340
B25119_001,2011,"York County, Virginia",51199,All,84167,9200
B25119_002,2011,"York County, Virginia",51199,Owner occupied (dollars),96370,7201
B25119_003,2011,"York County, Virginia",51199,Renter occupied (dollars),50090,5784
B25119_001,2011,"Alexandria city, Virginia",51510,All,82748,7051
B25119_002,2011,"Alexandria city, Virginia",51510,Owner occupied (dollars),121628,10742
B25119_003,2011,"Alexandria city, Virginia",51510,Renter occupied (dollars),62250,8468
B25119_001,2011,"Chesapeake city, Virginia",51550,All,66563,3592
B25119_002,2011,"Chesapeake city, Virginia",51550,Owner occupied (dollars),79705,4643
B25119_003,2011,"Chesapeake city, Virginia",51550,Renter occupied (dollars),39457,6118
B25119_001,2011,"Hampton city, Virginia",51650,All,49848,4124
B25119_002,2011,"Hampton city, Virginia",51650,Owner occupied (dollars),62390,4653
B25119_003,2011,"Hampton city, Virginia",51650,Renter occupied (dollars),30583,3645
B25119_001,2011,"Lynchburg city, Virginia",51680,All,36627,3795
B25119_002,2011,"Lynchburg city, Virginia",51680,Owner occupied (dollars),52109,8282
B25119_003,2011,"Lynchburg city, Virginia",51680,Renter occupied (dollars),21202,3837
B25119_001,2011,"Newport News city, Virginia",51700,All,48976,2451
B25119_002,2011,"Newport News city, Virginia",51700,Owner occupied (dollars),65248,4394
B25119_003,2011,"Newport News city, Virginia",51700,Renter occupied (dollars),34634,2697
B25119_001,2011,"Norfolk city, Virginia",51710,All,43108,2217
B25119_002,2011,"Norfolk city, Virginia",51710,Owner occupied (dollars),59012,3598
B25119_003,2011,"Norfolk city, Virginia",51710,Renter occupied (dollars),31390,1761
B25119_001,2011,"Portsmouth city, Virginia",51740,All,42647,3918
B25119_002,2011,"Portsmouth city, Virginia",51740,Owner occupied (dollars),55242,5650
B25119_003,2011,"Portsmouth city, Virginia",51740,Renter occupied (dollars),26645,4405
B25119_001,2011,"Richmond city, Virginia",51760,All,38926,3131
B25119_002,2011,"Richmond city, Virginia",51760,Owner occupied (dollars),60940,6380
B25119_003,2011,"Richmond city, Virginia",51760,Renter occupied (dollars),25816,2041
B25119_001,2011,"Roanoke city, Virginia",51770,All,39040,2935
B25119_002,2011,"Roanoke city, Virginia",51770,Owner occupied (dollars),48426,4245
B25119_003,2011,"Roanoke city, Virginia",51770,Renter occupied (dollars),28401,3553
B25119_001,2011,"Suffolk city, Virginia",51800,All,64334,4818
B25119_002,2011,"Suffolk city, Virginia",51800,Owner occupied (dollars),81868,10654
B25119_003,2011,"Suffolk city, Virginia",51800,Renter occupied (dollars),35182,7773
B25119_001,2011,"Virginia Beach city, Virginia",51810,All,64614,2022
B25119_002,2011,"Virginia Beach city, Virginia",51810,Owner occupied (dollars),80474,3328
B25119_003,2011,"Virginia Beach city, Virginia",51810,Renter occupied (dollars),45261,3466
B25119_001,2012,"Albemarle County, Virginia",51003,All,72917,4668
B25119_002,2012,"Albemarle County, Virginia",51003,Owner occupied (dollars),89819,5812
B25119_003,2012,"Albemarle County, Virginia",51003,Renter occupied (dollars),46240,4365
B25119_001,2012,"Arlington County, Virginia",51013,All,100474,3694
B25119_002,2012,"Arlington County, Virginia",51013,Owner occupied (dollars),143863,7766
B25119_003,2012,"Arlington County, Virginia",51013,Renter occupied (dollars),77422,5392
B25119_001,2012,"Augusta County, Virginia",51015,All,47279,4209
B25119_002,2012,"Augusta County, Virginia",51015,Owner occupied (dollars),50551,5762
B25119_003,2012,"Augusta County, Virginia",51015,Renter occupied (dollars),35139,3328
B25119_001,2012,"Bedford County, Virginia",51019,All,57625,5070
B25119_002,2012,"Bedford County, Virginia",51019,Owner occupied (dollars),65543,6359
B25119_003,2012,"Bedford County, Virginia",51019,Renter occupied (dollars),26804,11641
B25119_001,2012,"Chesterfield County, Virginia",51041,All,70243,2160
B25119_002,2012,"Chesterfield County, Virginia",51041,Owner occupied (dollars),81254,2715
B25119_003,2012,"Chesterfield County, Virginia",51041,Renter occupied (dollars),40933,5326
B25119_001,2012,"Fairfax County, Virginia",51059,All,107096,2544
B25119_002,2012,"Fairfax County, Virginia",51059,Owner occupied (dollars),132561,2413
B25119_003,2012,"Fairfax County, Virginia",51059,Renter occupied (dollars),69223,2514
B25119_001,2012,"Fauquier County, Virginia",51061,All,83677,5572
B25119_002,2012,"Fauquier County, Virginia",51061,Owner occupied (dollars),92324,10056
B25119_003,2012,"Fauquier County, Virginia",51061,Renter occupied (dollars),56665,6476
B25119_001,2012,"Frederick County, Virginia",51069,All,67289,8257
B25119_002,2012,"Frederick County, Virginia",51069,Owner occupied (dollars),76950,3844
B25119_003,2012,"Frederick County, Virginia",51069,Renter occupied (dollars),40429,11978
B25119_001,2012,"Hanover County, Virginia",51085,All,74128,5068
B25119_002,2012,"Hanover County, Virginia",51085,Owner occupied (dollars),82022,3666
B25119_003,2012,"Hanover County, Virginia",51085,Renter occupied (dollars),28495,4542
B25119_001,2012,"Henrico County, Virginia",51087,All,58338,3304
B25119_002,2012,"Henrico County, Virginia",51087,Owner occupied (dollars),72889,4824
B25119_003,2012,"Henrico County, Virginia",51087,Renter occupied (dollars),39501,2786
B25119_001,2012,"James City County, Virginia",51095,All,79435,5654
B25119_002,2012,"James City County, Virginia",51095,Owner occupied (dollars),85314,10991
B25119_003,2012,"James City County, Virginia",51095,Renter occupied (dollars),47645,11093
B25119_001,2012,"Loudoun County, Virginia",51107,All,117876,5800
B25119_002,2012,"Loudoun County, Virginia",51107,Owner occupied (dollars),130983,5628
B25119_003,2012,"Loudoun County, Virginia",51107,Renter occupied (dollars),70282,3378
B25119_001,2012,"Montgomery County, Virginia",51121,All,41625,4216
B25119_002,2012,"Montgomery County, Virginia",51121,Owner occupied (dollars),68347,4543
B25119_003,2012,"Montgomery County, Virginia",51121,Renter occupied (dollars),21569,1720
B25119_001,2012,"Prince William County, Virginia",51153,All,93744,3201
B25119_002,2012,"Prince William County, Virginia",51153,Owner occupied (dollars),113526,5075
B25119_003,2012,"Prince William County, Virginia",51153,Renter occupied (dollars),60372,5566
B25119_001,2012,"Roanoke County, Virginia",51161,All,57515,5481
B25119_002,2012,"Roanoke County, Virginia",51161,Owner occupied (dollars),63812,4672
B25119_003,2012,"Roanoke County, Virginia",51161,Renter occupied (dollars),32786,10441
B25119_001,2012,"Rockingham County, Virginia",51165,All,50818,2494
B25119_002,2012,"Rockingham County, Virginia",51165,Owner occupied (dollars),57561,4531
B25119_003,2012,"Rockingham County, Virginia",51165,Renter occupied (dollars),33670,4420
B25119_001,2012,"Spotsylvania County, Virginia",51177,All,78914,6179
B25119_002,2012,"Spotsylvania County, Virginia",51177,Owner occupied (dollars),89359,3743
B25119_003,2012,"Spotsylvania County, Virginia",51177,Renter occupied (dollars),45961,3943
B25119_001,2012,"Stafford County, Virginia",51179,All,97606,4980
B25119_002,2012,"Stafford County, Virginia",51179,Owner occupied (dollars),112027,7712
B25119_003,2012,"Stafford County, Virginia",51179,Renter occupied (dollars),47073,6130
B25119_001,2012,"York County, Virginia",51199,All,71974,8577
B25119_002,2012,"York County, Virginia",51199,Owner occupied (dollars),91005,7714
B25119_003,2012,"York County, Virginia",51199,Renter occupied (dollars),49186,6211
B25119_001,2012,"Alexandria city, Virginia",51510,All,81160,6590
B25119_002,2012,"Alexandria city, Virginia",51510,Owner occupied (dollars),135377,11070
B25119_003,2012,"Alexandria city, Virginia",51510,Renter occupied (dollars),62285,5659
B25119_001,2012,"Chesapeake city, Virginia",51550,All,65562,3838
B25119_002,2012,"Chesapeake city, Virginia",51550,Owner occupied (dollars),79820,3731
B25119_003,2012,"Chesapeake city, Virginia",51550,Renter occupied (dollars),40585,5314
B25119_001,2012,"Hampton city, Virginia",51650,All,47472,3984
B25119_002,2012,"Hampton city, Virginia",51650,Owner occupied (dollars),66737,6208
B25119_003,2012,"Hampton city, Virginia",51650,Renter occupied (dollars),25917,3510
B25119_001,2012,"Lynchburg city, Virginia",51680,All,36912,3224
B25119_002,2012,"Lynchburg city, Virginia",51680,Owner occupied (dollars),52608,5066
B25119_003,2012,"Lynchburg city, Virginia",51680,Renter occupied (dollars),23660,2924
B25119_001,2012,"Newport News city, Virginia",51700,All,47476,2432
B25119_002,2012,"Newport News city, Virginia",51700,Owner occupied (dollars),64359,5290
B25119_003,2012,"Newport News city, Virginia",51700,Renter occupied (dollars),32215,2638
B25119_001,2012,"Norfolk city, Virginia",51710,All,42644,1964
B25119_002,2012,"Norfolk city, Virginia",51710,Owner occupied (dollars),65546,4261
B25119_003,2012,"Norfolk city, Virginia",51710,Renter occupied (dollars),31024,2029
B25119_001,2012,"Portsmouth city, Virginia",51740,All,42487,4341
B25119_002,2012,"Portsmouth city, Virginia",51740,Owner occupied (dollars),59249,3790
B25119_003,2012,"Portsmouth city, Virginia",51740,Renter occupied (dollars),29256,2642
B25119_001,2012,"Richmond city, Virginia",51760,All,38185,3187
B25119_002,2012,"Richmond city, Virginia",51760,Owner occupied (dollars),58922,3340
B25119_003,2012,"Richmond city, Virginia",51760,Renter occupied (dollars),26887,2095
B25119_001,2012,"Roanoke city, Virginia",51770,All,37890,5270
B25119_002,2012,"Roanoke city, Virginia",51770,Owner occupied (dollars),52677,3061
B25119_003,2012,"Roanoke city, Virginia",51770,Renter occupied (dollars),25455,4172
B25119_001,2012,"Suffolk city, Virginia",51800,All,65394,5344
B25119_002,2012,"Suffolk city, Virginia",51800,Owner occupied (dollars),80361,5952
B25119_003,2012,"Suffolk city, Virginia",51800,Renter occupied (dollars),32355,4072
B25119_001,2012,"Virginia Beach city, Virginia",51810,All,61626,1312
B25119_002,2012,"Virginia Beach city, Virginia",51810,Owner occupied (dollars),76060,2356
B25119_003,2012,"Virginia Beach city, Virginia",51810,Renter occupied (dollars),45482,2460
B25119_001,2013,"Albemarle County, Virginia",51003,All,70312,3366
B25119_002,2013,"Albemarle County, Virginia",51003,Owner occupied (dollars),83040,10964
B25119_003,2013,"Albemarle County, Virginia",51003,Renter occupied (dollars),47333,9186
B25119_001,2013,"Arlington County, Virginia",51013,All,102501,3666
B25119_002,2013,"Arlington County, Virginia",51013,Owner occupied (dollars),151144,8944
B25119_003,2013,"Arlington County, Virginia",51013,Renter occupied (dollars),84585,4168
B25119_001,2013,"Augusta County, Virginia",51015,All,55284,3534
B25119_002,2013,"Augusta County, Virginia",51015,Owner occupied (dollars),59868,6110
B25119_003,2013,"Augusta County, Virginia",51015,Renter occupied (dollars),37791,14998
B25119_001,2013,"Bedford County, Virginia",51019,All,57000,5448
B25119_002,2013,"Bedford County, Virginia",51019,Owner occupied (dollars),60351,6259
B25119_003,2013,"Bedford County, Virginia",51019,Renter occupied (dollars),43088,17551
B25119_001,2013,"Chesterfield County, Virginia",51041,All,66881,2371
B25119_002,2013,"Chesterfield County, Virginia",51041,Owner occupied (dollars),76852,4060
B25119_003,2013,"Chesterfield County, Virginia",51041,Renter occupied (dollars),41841,4817
B25119_001,2013,"Fairfax County, Virginia",51059,All,111079,2434
B25119_002,2013,"Fairfax County, Virginia",51059,Owner occupied (dollars),134882,3248
B25119_003,2013,"Fairfax County, Virginia",51059,Renter occupied (dollars),73604,2880
B25119_001,2013,"Fauquier County, Virginia",51061,All,82823,5800
B25119_002,2013,"Fauquier County, Virginia",51061,Owner occupied (dollars),101189,9506
B25119_003,2013,"Fauquier County, Virginia",51061,Renter occupied (dollars),44927,5242
B25119_001,2013,"Frederick County, Virginia",51069,All,69332,3353
B25119_002,2013,"Frederick County, Virginia",51069,Owner occupied (dollars),73631,4511
B25119_003,2013,"Frederick County, Virginia",51069,Renter occupied (dollars),46720,9931
B25119_001,2013,"Hanover County, Virginia",51085,All,77424,7041
B25119_002,2013,"Hanover County, Virginia",51085,Owner occupied (dollars),87999,5876
B25119_003,2013,"Hanover County, Virginia",51085,Renter occupied (dollars),42202,9760
B25119_001,2013,"Henrico County, Virginia",51087,All,59944,2113
B25119_002,2013,"Henrico County, Virginia",51087,Owner occupied (dollars),78942,3969
B25119_003,2013,"Henrico County, Virginia",51087,Renter occupied (dollars),37480,4658
B25119_001,2013,"James City County, Virginia",51095,All,73632,6813
B25119_002,2013,"James City County, Virginia",51095,Owner occupied (dollars),88767,11786
B25119_003,2013,"James City County, Virginia",51095,Renter occupied (dollars),41274,5649
B25119_001,2013,"Loudoun County, Virginia",51107,All,116848,3677
B25119_002,2013,"Loudoun County, Virginia",51107,Owner occupied (dollars),134073,4715
B25119_003,2013,"Loudoun County, Virginia",51107,Renter occupied (dollars),67271,7515
B25119_001,2013,"Montgomery County, Virginia",51121,All,45679,5612
B25119_002,2013,"Montgomery County, Virginia",51121,Owner occupied (dollars),70653,9079
B25119_003,2013,"Montgomery County, Virginia",51121,Renter occupied (dollars),23521,9007
B25119_001,2013,"Prince William County, Virginia",51153,All,95268,5429
B25119_002,2013,"Prince William County, Virginia",51153,Owner occupied (dollars),119838,4111
B25119_003,2013,"Prince William County, Virginia",51153,Renter occupied (dollars),59744,3333
B25119_001,2013,"Roanoke County, Virginia",51161,All,56400,4394
B25119_002,2013,"Roanoke County, Virginia",51161,Owner occupied (dollars),67904,5266
B25119_003,2013,"Roanoke County, Virginia",51161,Renter occupied (dollars),29763,5974
B25119_001,2013,"Rockingham County, Virginia",51165,All,56074,2411
B25119_002,2013,"Rockingham County, Virginia",51165,Owner occupied (dollars),60610,3700
B25119_003,2013,"Rockingham County, Virginia",51165,Renter occupied (dollars),39571,6591
B25119_001,2013,"Spotsylvania County, Virginia",51177,All,71901,5083
B25119_002,2013,"Spotsylvania County, Virginia",51177,Owner occupied (dollars),83815,6075
B25119_003,2013,"Spotsylvania County, Virginia",51177,Renter occupied (dollars),51624,10132
B25119_001,2013,"Stafford County, Virginia",51179,All,93454,5021
B25119_002,2013,"Stafford County, Virginia",51179,Owner occupied (dollars),108313,5565
B25119_003,2013,"Stafford County, Virginia",51179,Renter occupied (dollars),59792,6651
B25119_001,2013,"York County, Virginia",51199,All,78073,9600
B25119_002,2013,"York County, Virginia",51199,Owner occupied (dollars),85668,9081
B25119_003,2013,"York County, Virginia",51199,Renter occupied (dollars),53555,5433
B25119_001,2013,"Alexandria city, Virginia",51510,All,86775,6064
B25119_002,2013,"Alexandria city, Virginia",51510,Owner occupied (dollars),120328,5843
B25119_003,2013,"Alexandria city, Virginia",51510,Renter occupied (dollars),67444,4382
B25119_001,2013,"Chesapeake city, Virginia",51550,All,67252,4158
B25119_002,2013,"Chesapeake city, Virginia",51550,Owner occupied (dollars),81295,5104
B25119_003,2013,"Chesapeake city, Virginia",51550,Renter occupied (dollars),42341,7187
B25119_001,2013,"Hampton city, Virginia",51650,All,43785,3768
B25119_002,2013,"Hampton city, Virginia",51650,Owner occupied (dollars),59460,5310
B25119_003,2013,"Hampton city, Virginia",51650,Renter occupied (dollars),30078,2440
B25119_001,2013,"Lynchburg city, Virginia",51680,All,40477,2798
B25119_002,2013,"Lynchburg city, Virginia",51680,Owner occupied (dollars),59290,5390
B25119_003,2013,"Lynchburg city, Virginia",51680,Renter occupied (dollars),23970,4036
B25119_001,2013,"Newport News city, Virginia",51700,All,49184,4159
B25119_002,2013,"Newport News city, Virginia",51700,Owner occupied (dollars),67412,6335
B25119_003,2013,"Newport News city, Virginia",51700,Renter occupied (dollars),32277,3687
B25119_001,2013,"Norfolk city, Virginia",51710,All,44030,2482
B25119_002,2013,"Norfolk city, Virginia",51710,Owner occupied (dollars),61582,3861
B25119_003,2013,"Norfolk city, Virginia",51710,Renter occupied (dollars),31740,1539
B25119_001,2013,"Portsmouth city, Virginia",51740,All,43904,3427
B25119_002,2013,"Portsmouth city, Virginia",51740,Owner occupied (dollars),60186,5389
B25119_003,2013,"Portsmouth city, Virginia",51740,Renter occupied (dollars),30149,2952
B25119_001,2013,"Richmond city, Virginia",51760,All,39193,2535
B25119_002,2013,"Richmond city, Virginia",51760,Owner occupied (dollars),61005,5048
B25119_003,2013,"Richmond city, Virginia",51760,Renter occupied (dollars),30277,2207
B25119_001,2013,"Roanoke city, Virginia",51770,All,36651,2688
B25119_002,2013,"Roanoke city, Virginia",51770,Owner occupied (dollars),49812,5855
B25119_003,2013,"Roanoke city, Virginia",51770,Renter occupied (dollars),23904,3946
B25119_001,2013,"Suffolk city, Virginia",51800,All,60637,5555
B25119_002,2013,"Suffolk city, Virginia",51800,Owner occupied (dollars),75665,5060
B25119_003,2013,"Suffolk city, Virginia",51800,Renter occupied (dollars),34116,5029
B25119_001,2013,"Virginia Beach city, Virginia",51810,All,62855,2638
B25119_002,2013,"Virginia Beach city, Virginia",51810,Owner occupied (dollars),78238,3963
B25119_003,2013,"Virginia Beach city, Virginia",51810,Renter occupied (dollars),46241,2318
B25119_001,2014,"Albemarle County, Virginia",51003,All,64722,5683
B25119_002,2014,"Albemarle County, Virginia",51003,Owner occupied (dollars),85744,9230
B25119_003,2014,"Albemarle County, Virginia",51003,Renter occupied (dollars),45633,4616
B25119_001,2014,"Arlington County, Virginia",51013,All,109266,4862
B25119_002,2014,"Arlington County, Virginia",51013,Owner occupied (dollars),142566,8559
B25119_003,2014,"Arlington County, Virginia",51013,Renter occupied (dollars),86508,6311
B25119_001,2014,"Augusta County, Virginia",51015,All,58322,2675
B25119_002,2014,"Augusta County, Virginia",51015,Owner occupied (dollars),61402,5205
B25119_003,2014,"Augusta County, Virginia",51015,Renter occupied (dollars),35693,7865
B25119_001,2014,"Bedford County, Virginia",51019,All,56996,5291
B25119_002,2014,"Bedford County, Virginia",51019,Owner occupied (dollars),63926,5327
B25119_003,2014,"Bedford County, Virginia",51019,Renter occupied (dollars),33538,6662
B25119_001,2014,"Chesterfield County, Virginia",51041,All,72878,3077
B25119_002,2014,"Chesterfield County, Virginia",51041,Owner occupied (dollars),83948,2989
B25119_003,2014,"Chesterfield County, Virginia",51041,Renter occupied (dollars),48154,4964
B25119_001,2014,"Fairfax County, Virginia",51059,All,110674,1976
B25119_002,2014,"Fairfax County, Virginia",51059,Owner occupied (dollars),137509,2839
B25119_003,2014,"Fairfax County, Virginia",51059,Renter occupied (dollars),73527,3431
B25119_001,2014,"Fauquier County, Virginia",51061,All,91987,7930
B25119_002,2014,"Fauquier County, Virginia",51061,Owner occupied (dollars),103455,9194
B25119_003,2014,"Fauquier County, Virginia",51061,Renter occupied (dollars),49834,12134
B25119_001,2014,"Frederick County, Virginia",51069,All,66167,6444
B25119_002,2014,"Frederick County, Virginia",51069,Owner occupied (dollars),76745,10135
B25119_003,2014,"Frederick County, Virginia",51069,Renter occupied (dollars),50129,7530
B25119_001,2014,"Hanover County, Virginia",51085,All,83756,6877
B25119_002,2014,"Hanover County, Virginia",51085,Owner occupied (dollars),95882,5288
B25119_003,2014,"Hanover County, Virginia",51085,Renter occupied (dollars),45435,7330
B25119_001,2014,"Henrico County, Virginia",51087,All,62460,2442
B25119_002,2014,"Henrico County, Virginia",51087,Owner occupied (dollars),80835,4784
B25119_003,2014,"Henrico County, Virginia",51087,Renter occupied (dollars),42774,3297
B25119_001,2014,"James City County, Virginia",51095,All,72622,7760
B25119_002,2014,"James City County, Virginia",51095,Owner occupied (dollars),90781,13760
B25119_003,2014,"James City County, Virginia",51095,Renter occupied (dollars),36778,6941
B25119_001,2014,"Loudoun County, Virginia",51107,All,122294,3167
B25119_002,2014,"Loudoun County, Virginia",51107,Owner occupied (dollars),140392,3251
B25119_003,2014,"Loudoun County, Virginia",51107,Renter occupied (dollars),66683,6785
B25119_001,2014,"Montgomery County, Virginia",51121,All,42052,3079
B25119_002,2014,"Montgomery County, Virginia",51121,Owner occupied (dollars),64842,12718
B25119_003,2014,"Montgomery County, Virginia",51121,Renter occupied (dollars),23706,6345
B25119_001,2014,"Prince William County, Virginia",51153,All,92104,2808
B25119_002,2014,"Prince William County, Virginia",51153,Owner occupied (dollars),108626,4706
B25119_003,2014,"Prince William County, Virginia",51153,Renter occupied (dollars),55452,6715
B25119_001,2014,"Roanoke County, Virginia",51161,All,62091,3827
B25119_002,2014,"Roanoke County, Virginia",51161,Owner occupied (dollars),66453,4029
B25119_003,2014,"Roanoke County, Virginia",51161,Renter occupied (dollars),39974,8725
B25119_001,2014,"Rockingham County, Virginia",51165,All,56112,3224
B25119_002,2014,"Rockingham County, Virginia",51165,Owner occupied (dollars),64511,3287
B25119_003,2014,"Rockingham County, Virginia",51165,Renter occupied (dollars),35903,6254
B25119_001,2014,"Spotsylvania County, Virginia",51177,All,75686,3494
B25119_002,2014,"Spotsylvania County, Virginia",51177,Owner occupied (dollars),90901,4741
B25119_003,2014,"Spotsylvania County, Virginia",51177,Renter occupied (dollars),42827,4760
B25119_001,2014,"Stafford County, Virginia",51179,All,93422,6986
B25119_002,2014,"Stafford County, Virginia",51179,Owner occupied (dollars),110488,6370
B25119_003,2014,"Stafford County, Virginia",51179,Renter occupied (dollars),54484,6744
B25119_001,2014,"York County, Virginia",51199,All,81636,6684
B25119_002,2014,"York County, Virginia",51199,Owner occupied (dollars),100124,13079
B25119_003,2014,"York County, Virginia",51199,Renter occupied (dollars),65726,10983
B25119_001,2014,"Alexandria city, Virginia",51510,All,86809,5554
B25119_002,2014,"Alexandria city, Virginia",51510,Owner occupied (dollars),135222,7336
B25119_003,2014,"Alexandria city, Virginia",51510,Renter occupied (dollars),66018,5247
B25119_001,2014,"Chesapeake city, Virginia",51550,All,66712,1986
B25119_002,2014,"Chesapeake city, Virginia",51550,Owner occupied (dollars),80310,5702
B25119_003,2014,"Chesapeake city, Virginia",51550,Renter occupied (dollars),36816,2914
B25119_001,2014,"Hampton city, Virginia",51650,All,47312,3293
B25119_002,2014,"Hampton city, Virginia",51650,Owner occupied (dollars),66736,5480
B25119_003,2014,"Hampton city, Virginia",51650,Renter occupied (dollars),33118,4957
B25119_001,2014,"Lynchburg city, Virginia",51680,All,40594,3382
B25119_002,2014,"Lynchburg city, Virginia",51680,Owner occupied (dollars),58760,7600
B25119_003,2014,"Lynchburg city, Virginia",51680,Renter occupied (dollars),24495,3487
B25119_001,2014,"Newport News city, Virginia",51700,All,49602,3648
B25119_002,2014,"Newport News city, Virginia",51700,Owner occupied (dollars),66510,5002
B25119_003,2014,"Newport News city, Virginia",51700,Renter occupied (dollars),37257,4285
B25119_001,2014,"Norfolk city, Virginia",51710,All,43186,2340
B25119_002,2014,"Norfolk city, Virginia",51710,Owner occupied (dollars),65749,3600
B25119_003,2014,"Norfolk city, Virginia",51710,Renter occupied (dollars),30859,1514
B25119_001,2014,"Portsmouth city, Virginia",51740,All,44905,6208
B25119_002,2014,"Portsmouth city, Virginia",51740,Owner occupied (dollars),60458,4697
B25119_003,2014,"Portsmouth city, Virginia",51740,Renter occupied (dollars),31393,2537
B25119_001,2014,"Richmond city, Virginia",51760,All,43054,3048
B25119_002,2014,"Richmond city, Virginia",51760,Owner occupied (dollars),70617,6914
B25119_003,2014,"Richmond city, Virginia",51760,Renter occupied (dollars),31042,2039
B25119_001,2014,"Roanoke city, Virginia",51770,All,41697,3561
B25119_002,2014,"Roanoke city, Virginia",51770,Owner occupied (dollars),52954,5043
B25119_003,2014,"Roanoke city, Virginia",51770,Renter occupied (dollars),28446,2910
B25119_001,2014,"Suffolk city, Virginia",51800,All,62079,5426
B25119_002,2014,"Suffolk city, Virginia",51800,Owner occupied (dollars),79415,4313
B25119_003,2014,"Suffolk city, Virginia",51800,Renter occupied (dollars),29774,5591
B25119_001,2014,"Virginia Beach city, Virginia",51810,All,68816,3220
B25119_002,2014,"Virginia Beach city, Virginia",51810,Owner occupied (dollars),84491,2999
B25119_003,2014,"Virginia Beach city, Virginia",51810,Renter occupied (dollars),46858,3005
B25119_001,2015,"Albemarle County, Virginia",51003,All,70589,5007
B25119_002,2015,"Albemarle County, Virginia",51003,Owner occupied (dollars),90249,9402
B25119_003,2015,"Albemarle County, Virginia",51003,Renter occupied (dollars),47758,5997
B25119_001,2015,"Arlington County, Virginia",51013,All,106768,6543
B25119_002,2015,"Arlington County, Virginia",51013,Owner occupied (dollars),152909,7693
B25119_003,2015,"Arlington County, Virginia",51013,Renter occupied (dollars),84716,5036
B25119_001,2015,"Augusta County, Virginia",51015,All,56766,5655
B25119_002,2015,"Augusta County, Virginia",51015,Owner occupied (dollars),62774,6908
B25119_003,2015,"Augusta County, Virginia",51015,Renter occupied (dollars),37661,16523
B25119_001,2015,"Bedford County, Virginia",51019,All,54062,4922
B25119_002,2015,"Bedford County, Virginia",51019,Owner occupied (dollars),60954,4515
B25119_003,2015,"Bedford County, Virginia",51019,Renter occupied (dollars),35172,11934
B25119_001,2015,"Chesterfield County, Virginia",51041,All,75131,3150
B25119_002,2015,"Chesterfield County, Virginia",51041,Owner occupied (dollars),85882,3019
B25119_003,2015,"Chesterfield County, Virginia",51041,Renter occupied (dollars),47378,5407
B25119_001,2015,"Fairfax County, Virginia",51059,All,113208,2765
B25119_002,2015,"Fairfax County, Virginia",51059,Owner occupied (dollars),137995,2794
B25119_003,2015,"Fairfax County, Virginia",51059,Renter occupied (dollars),76697,3792
B25119_001,2015,"Fauquier County, Virginia",51061,All,91940,9515
B25119_002,2015,"Fauquier County, Virginia",51061,Owner occupied (dollars),107583,8638
B25119_003,2015,"Fauquier County, Virginia",51061,Renter occupied (dollars),50137,7996
B25119_001,2015,"Frederick County, Virginia",51069,All,71993,5592
B25119_002,2015,"Frederick County, Virginia",51069,Owner occupied (dollars),78865,4536
B25119_003,2015,"Frederick County, Virginia",51069,Renter occupied (dollars),46225,11280
B25119_001,2015,"Hanover County, Virginia",51085,All,82085,3633
B25119_002,2015,"Hanover County, Virginia",51085,Owner occupied (dollars),87153,3935
B25119_003,2015,"Hanover County, Virginia",51085,Renter occupied (dollars),52026,7831
B25119_001,2015,"Henrico County, Virginia",51087,All,66085,4072
B25119_002,2015,"Henrico County, Virginia",51087,Owner occupied (dollars),82455,3675
B25119_003,2015,"Henrico County, Virginia",51087,Renter occupied (dollars),43898,2939
B25119_001,2015,"James City County, Virginia",51095,All,73968,6739
B25119_002,2015,"James City County, Virginia",51095,Owner occupied (dollars),90510,8600
B25119_003,2015,"James City County, Virginia",51095,Renter occupied (dollars),51198,13016
B25119_001,2015,"Loudoun County, Virginia",51107,All,125003,4693
B25119_002,2015,"Loudoun County, Virginia",51107,Owner occupied (dollars),141490,4206
B25119_003,2015,"Loudoun County, Virginia",51107,Renter occupied (dollars),67182,7338
B25119_001,2015,"Montgomery County, Virginia",51121,All,52151,3186
B25119_002,2015,"Montgomery County, Virginia",51121,Owner occupied (dollars),72611,9663
B25119_003,2015,"Montgomery County, Virginia",51121,Renter occupied (dollars),30372,5831
B25119_001,2015,"Prince William County, Virginia",51153,All,99766,2514
B25119_002,2015,"Prince William County, Virginia",51153,Owner occupied (dollars),115808,3550
B25119_003,2015,"Prince William County, Virginia",51153,Renter occupied (dollars),58527,6575
B25119_001,2015,"Roanoke County, Virginia",51161,All,63210,7627
B25119_002,2015,"Roanoke County, Virginia",51161,Owner occupied (dollars),70573,3279
B25119_003,2015,"Roanoke County, Virginia",51161,Renter occupied (dollars),51686,4297
B25119_001,2015,"Rockingham County, Virginia",51165,All,51979,3215
B25119_002,2015,"Rockingham County, Virginia",51165,Owner occupied (dollars),59391,4585
B25119_003,2015,"Rockingham County, Virginia",51165,Renter occupied (dollars),38828,3606
B25119_001,2015,"Spotsylvania County, Virginia",51177,All,75535,5429
B25119_002,2015,"Spotsylvania County, Virginia",51177,Owner occupied (dollars),88709,6499
B25119_003,2015,"Spotsylvania County, Virginia",51177,Renter occupied (dollars),49192,6805
B25119_001,2015,"Stafford County, Virginia",51179,All,95882,5056
B25119_002,2015,"Stafford County, Virginia",51179,Owner occupied (dollars),113069,6761
B25119_003,2015,"Stafford County, Virginia",51179,Renter occupied (dollars),52483,6394
B25119_001,2015,"York County, Virginia",51199,All,84580,9372
B25119_002,2015,"York County, Virginia",51199,Owner occupied (dollars),97266,9632
B25119_003,2015,"York County, Virginia",51199,Renter occupied (dollars),52091,13495
B25119_001,2015,"Alexandria city, Virginia",51510,All,90056,4336
B25119_002,2015,"Alexandria city, Virginia",51510,Owner occupied (dollars),138663,8552
B25119_003,2015,"Alexandria city, Virginia",51510,Renter occupied (dollars),70058,6951
B25119_001,2015,"Chesapeake city, Virginia",51550,All,67491,4112
B25119_002,2015,"Chesapeake city, Virginia",51550,Owner occupied (dollars),81811,3898
B25119_003,2015,"Chesapeake city, Virginia",51550,Renter occupied (dollars),42547,6218
B25119_001,2015,"Hampton city, Virginia",51650,All,51867,4923
B25119_002,2015,"Hampton city, Virginia",51650,Owner occupied (dollars),64369,3567
B25119_003,2015,"Hampton city, Virginia",51650,Renter occupied (dollars),36255,4664
B25119_001,2015,"Lynchburg city, Virginia",51680,All,39374,3181
B25119_002,2015,"Lynchburg city, Virginia",51680,Owner occupied (dollars),66553,8004
B25119_003,2015,"Lynchburg city, Virginia",51680,Renter occupied (dollars),28695,3831
B25119_001,2015,"Newport News city, Virginia",51700,All,48630,3600
B25119_002,2015,"Newport News city, Virginia",51700,Owner occupied (dollars),73799,5952
B25119_003,2015,"Newport News city, Virginia",51700,Renter occupied (dollars),31624,3178
B25119_001,2015,"Norfolk city, Virginia",51710,All,45996,2137
B25119_002,2015,"Norfolk city, Virginia",51710,Owner occupied (dollars),66465,3280
B25119_003,2015,"Norfolk city, Virginia",51710,Renter occupied (dollars),34088,2734
B25119_001,2015,"Portsmouth city, Virginia",51740,All,49242,4470
B25119_002,2015,"Portsmouth city, Virginia",51740,Owner occupied (dollars),60225,3922
B25119_003,2015,"Portsmouth city, Virginia",51740,Renter occupied (dollars),33556,6419
B25119_001,2015,"Richmond city, Virginia",51760,All,39906,2036
B25119_002,2015,"Richmond city, Virginia",51760,Owner occupied (dollars),67714,3798
B25119_003,2015,"Richmond city, Virginia",51760,Renter occupied (dollars),26309,2123
B25119_001,2015,"Roanoke city, Virginia",51770,All,39835,3741
B25119_002,2015,"Roanoke city, Virginia",51770,Owner occupied (dollars),50993,5026
B25119_003,2015,"Roanoke city, Virginia",51770,Renter occupied (dollars),27620,7187
B25119_001,2015,"Suffolk city, Virginia",51800,All,61203,3861
B25119_002,2015,"Suffolk city, Virginia",51800,Owner occupied (dollars),77235,5856
B25119_003,2015,"Suffolk city, Virginia",51800,Renter occupied (dollars),33009,5717
B25119_001,2015,"Virginia Beach city, Virginia",51810,All,67281,1670
B25119_002,2015,"Virginia Beach city, Virginia",51810,Owner occupied (dollars),82961,2536
B25119_003,2015,"Virginia Beach city, Virginia",51810,Renter occupied (dollars),46407,2232
B25119_001,2016,"Albemarle County, Virginia",51003,All,71975,6336
B25119_002,2016,"Albemarle County, Virginia",51003,Owner occupied (dollars),91722,5663
B25119_003,2016,"Albemarle County, Virginia",51003,Renter occupied (dollars),56843,5597
B25119_001,2016,"Arlington County, Virginia",51013,All,110388,5159
B25119_002,2016,"Arlington County, Virginia",51013,Owner occupied (dollars),159872,9172
B25119_003,2016,"Arlington County, Virginia",51013,Renter occupied (dollars),83627,5336
B25119_001,2016,"Augusta County, Virginia",51015,All,55342,5129
B25119_002,2016,"Augusta County, Virginia",51015,Owner occupied (dollars),63217,7656
B25119_003,2016,"Augusta County, Virginia",51015,Renter occupied (dollars),38949,6782
B25119_001,2016,"Bedford County, Virginia",51019,All,56479,6188
B25119_002,2016,"Bedford County, Virginia",51019,Owner occupied (dollars),62590,8519
B25119_003,2016,"Bedford County, Virginia",51019,Renter occupied (dollars),40118,19097
B25119_001,2016,"Chesterfield County, Virginia",51041,All,76059,3368
B25119_002,2016,"Chesterfield County, Virginia",51041,Owner occupied (dollars),86211,3939
B25119_003,2016,"Chesterfield County, Virginia",51041,Renter occupied (dollars),46726,5238
B25119_001,2016,"Fairfax County, Virginia",51059,All,115717,2312
B25119_002,2016,"Fairfax County, Virginia",51059,Owner occupied (dollars),145205,3179
B25119_003,2016,"Fairfax County, Virginia",51059,Renter occupied (dollars),75608,3632
B25119_001,2016,"Fauquier County, Virginia",51061,All,94347,13017
B25119_002,2016,"Fauquier County, Virginia",51061,Owner occupied (dollars),117012,13672
B25119_003,2016,"Fauquier County, Virginia",51061,Renter occupied (dollars),56994,20941
B25119_001,2016,"Frederick County, Virginia",51069,All,69827,6120
B25119_002,2016,"Frederick County, Virginia",51069,Owner occupied (dollars),77968,6261
B25119_003,2016,"Frederick County, Virginia",51069,Renter occupied (dollars),58219,6252
B25119_001,2016,"Hanover County, Virginia",51085,All,83135,4739
B25119_002,2016,"Hanover County, Virginia",51085,Owner occupied (dollars),93199,6933
B25119_003,2016,"Hanover County, Virginia",51085,Renter occupied (dollars),50720,15889
B25119_001,2016,"Henrico County, Virginia",51087,All,66337,3541
B25119_002,2016,"Henrico County, Virginia",51087,Owner occupied (dollars),82282,4045
B25119_003,2016,"Henrico County, Virginia",51087,Renter occupied (dollars),45006,3489
B25119_001,2016,"James City County, Virginia",51095,All,83455,6845
B25119_002,2016,"James City County, Virginia",51095,Owner occupied (dollars),100304,9478
B25119_003,2016,"James City County, Virginia",51095,Renter occupied (dollars),45982,7592
B25119_001,2016,"Loudoun County, Virginia",51107,All,134464,4862
B25119_002,2016,"Loudoun County, Virginia",51107,Owner occupied (dollars),148822,3141
B25119_003,2016,"Loudoun County, Virginia",51107,Renter occupied (dollars),77814,9747
B25119_001,2016,"Montgomery County, Virginia",51121,All,55706,8435
B25119_002,2016,"Montgomery County, Virginia",51121,Owner occupied (dollars),82926,6696
B25119_003,2016,"Montgomery County, Virginia",51121,Renter occupied (dollars),30439,8913
B25119_001,2016,"Prince William County, Virginia",51153,All,97986,3205
B25119_002,2016,"Prince William County, Virginia",51153,Owner occupied (dollars),118571,5028
B25119_003,2016,"Prince William County, Virginia",51153,Renter occupied (dollars),59160,4859
B25119_001,2016,"Roanoke County, Virginia",51161,All,60454,5243
B25119_002,2016,"Roanoke County, Virginia",51161,Owner occupied (dollars),72217,6882
B25119_003,2016,"Roanoke County, Virginia",51161,Renter occupied (dollars),37258,7810
B25119_001,2016,"Rockingham County, Virginia",51165,All,57755,4966
B25119_002,2016,"Rockingham County, Virginia",51165,Owner occupied (dollars),70714,6088
B25119_003,2016,"Rockingham County, Virginia",51165,Renter occupied (dollars),35170,4537
B25119_001,2016,"Spotsylvania County, Virginia",51177,All,81146,2243
B25119_002,2016,"Spotsylvania County, Virginia",51177,Owner occupied (dollars),90897,5787
B25119_003,2016,"Spotsylvania County, Virginia",51177,Renter occupied (dollars),58463,8182
B25119_001,2016,"Stafford County, Virginia",51179,All,97484,9507
B25119_002,2016,"Stafford County, Virginia",51179,Owner occupied (dollars),123643,9980
B25119_003,2016,"Stafford County, Virginia",51179,Renter occupied (dollars),52244,8909
B25119_001,2016,"York County, Virginia",51199,All,89418,6349
B25119_002,2016,"York County, Virginia",51199,Owner occupied (dollars),99838,8446
B25119_003,2016,"York County, Virginia",51199,Renter occupied (dollars),68125,21922
B25119_001,2016,"Alexandria city, Virginia",51510,All,87920,4411
B25119_002,2016,"Alexandria city, Virginia",51510,Owner occupied (dollars),145158,12088
B25119_003,2016,"Alexandria city, Virginia",51510,Renter occupied (dollars),64763,5111
B25119_001,2016,"Chesapeake city, Virginia",51550,All,72928,4369
B25119_002,2016,"Chesapeake city, Virginia",51550,Owner occupied (dollars),84270,5310
B25119_003,2016,"Chesapeake city, Virginia",51550,Renter occupied (dollars),45981,6524
B25119_001,2016,"Hampton city, Virginia",51650,All,50435,2213
B25119_002,2016,"Hampton city, Virginia",51650,Owner occupied (dollars),64814,5216
B25119_003,2016,"Hampton city, Virginia",51650,Renter occupied (dollars),40978,3115
B25119_001,2016,"Lynchburg city, Virginia",51680,All,41264,4948
B25119_002,2016,"Lynchburg city, Virginia",51680,Owner occupied (dollars),56168,8740
B25119_003,2016,"Lynchburg city, Virginia",51680,Renter occupied (dollars),34447,6408
B25119_001,2016,"Newport News city, Virginia",51700,All,50524,2354
B25119_002,2016,"Newport News city, Virginia",51700,Owner occupied (dollars),67478,5505
B25119_003,2016,"Newport News city, Virginia",51700,Renter occupied (dollars),37551,3254
B25119_001,2016,"Norfolk city, Virginia",51710,All,46467,1944
B25119_002,2016,"Norfolk city, Virginia",51710,Owner occupied (dollars),69193,4070
B25119_003,2016,"Norfolk city, Virginia",51710,Renter occupied (dollars),33929,3053
B25119_001,2016,"Portsmouth city, Virginia",51740,All,48516,4409
B25119_002,2016,"Portsmouth city, Virginia",51740,Owner occupied (dollars),71678,8161
B25119_003,2016,"Portsmouth city, Virginia",51740,Renter occupied (dollars),31013,2475
B25119_001,2016,"Richmond city, Virginia",51760,All,42373,3434
B25119_002,2016,"Richmond city, Virginia",51760,Owner occupied (dollars),71231,4133
B25119_003,2016,"Richmond city, Virginia",51760,Renter occupied (dollars),27022,3028
B25119_001,2016,"Roanoke city, Virginia",51770,All,37044,3006
B25119_002,2016,"Roanoke city, Virginia",51770,Owner occupied (dollars),46262,2669
B25119_003,2016,"Roanoke city, Virginia",51770,Renter occupied (dollars),25905,5063
B25119_001,2016,"Suffolk city, Virginia",51800,All,66669,5806
B25119_002,2016,"Suffolk city, Virginia",51800,Owner occupied (dollars),82222,5444
B25119_003,2016,"Suffolk city, Virginia",51800,Renter occupied (dollars),37162,6832
B25119_001,2016,"Virginia Beach city, Virginia",51810,All,71117,2228
B25119_002,2016,"Virginia Beach city, Virginia",51810,Owner occupied (dollars),87058,3577
B25119_003,2016,"Virginia Beach city, Virginia",51810,Renter occupied (dollars),53232,3440
B25119_001,2017,"Albemarle County, Virginia",51003,All,77181,6277
B25119_002,2017,"Albemarle County, Virginia",51003,Owner occupied (dollars),94873,12297
B25119_003,2017,"Albemarle County, Virginia",51003,Renter occupied (dollars),55015,7590
B25119_001,2017,"Arlington County, Virginia",51013,All,117237,6537
B25119_002,2017,"Arlington County, Virginia",51013,Owner occupied (dollars),165700,11113
B25119_003,2017,"Arlington County, Virginia",51013,Renter occupied (dollars),89305,4687
B25119_001,2017,"Augusta County, Virginia",51015,All,57017,5341
B25119_002,2017,"Augusta County, Virginia",51015,Owner occupied (dollars),65521,7969
B25119_003,2017,"Augusta County, Virginia",51015,Renter occupied (dollars),32967,10742
B25119_001,2017,"Bedford County, Virginia",51019,All,66327,2678
B25119_002,2017,"Bedford County, Virginia",51019,Owner occupied (dollars),68163,2909
B25119_003,2017,"Bedford County, Virginia",51019,Renter occupied (dollars),52846,12653
B25119_001,2017,"Chesterfield County, Virginia",51041,All,80800,4925
B25119_002,2017,"Chesterfield County, Virginia",51041,Owner occupied (dollars),94363,4248
B25119_003,2017,"Chesterfield County, Virginia",51041,Renter occupied (dollars),48257,3894
B25119_001,2017,"Fairfax County, Virginia",51059,All,118279,3347
B25119_002,2017,"Fairfax County, Virginia",51059,Owner occupied (dollars),144215,2932
B25119_003,2017,"Fairfax County, Virginia",51059,Renter occupied (dollars),74575,3601
B25119_001,2017,"Fauquier County, Virginia",51061,All,98585,7511
B25119_002,2017,"Fauquier County, Virginia",51061,Owner occupied (dollars),104806,6799
B25119_003,2017,"Fauquier County, Virginia",51061,Renter occupied (dollars),76400,13683
B25119_001,2017,"Frederick County, Virginia",51069,All,72405,9983
B25119_002,2017,"Frederick County, Virginia",51069,Owner occupied (dollars),79710,8958
B25119_003,2017,"Frederick County, Virginia",51069,Renter occupied (dollars),47356,10404
B25119_001,2017,"Hanover County, Virginia",51085,All,90066,3991
B25119_002,2017,"Hanover County, Virginia",51085,Owner occupied (dollars),93487,4728
B25119_003,2017,"Hanover County, Virginia",51085,Renter occupied (dollars),53000,15581
B25119_001,2017,"Henrico County, Virginia",51087,All,67185,2475
B25119_002,2017,"Henrico County, Virginia",51087,Owner occupied (dollars),82300,4442
B25119_003,2017,"Henrico County, Virginia",51087,Renter occupied (dollars),45242,4103
B25119_001,2017,"James City County, Virginia",51095,All,87910,5349
B25119_002,2017,"James City County, Virginia",51095,Owner occupied (dollars),99165,7694
B25119_003,2017,"James City County, Virginia",51095,Renter occupied (dollars),45795,7123
B25119_001,2017,"Loudoun County, Virginia",51107,All,135842,3329
B25119_002,2017,"Loudoun County, Virginia",51107,Owner occupied (dollars),152672,3397
B25119_003,2017,"Loudoun County, Virginia",51107,Renter occupied (dollars),75648,4681
B25119_001,2017,"Montgomery County, Virginia",51121,All,56462,5925
B25119_002,2017,"Montgomery County, Virginia",51121,Owner occupied (dollars),83188,4736
B25119_003,2017,"Montgomery County, Virginia",51121,Renter occupied (dollars),32585,9075
B25119_001,2017,"Prince William County, Virginia",51153,All,100845,3324
B25119_002,2017,"Prince William County, Virginia",51153,Owner occupied (dollars),116293,4280
B25119_003,2017,"Prince William County, Virginia",51153,Renter occupied (dollars),67130,5678
B25119_001,2017,"Roanoke County, Virginia",51161,All,64287,4712
B25119_002,2017,"Roanoke County, Virginia",51161,Owner occupied (dollars),73649,7136
B25119_003,2017,"Roanoke County, Virginia",51161,Renter occupied (dollars),41914,9489
B25119_001,2017,"Rockingham County, Virginia",51165,All,59493,3771
B25119_002,2017,"Rockingham County, Virginia",51165,Owner occupied (dollars),66063,6107
B25119_003,2017,"Rockingham County, Virginia",51165,Renter occupied (dollars),38923,5486
B25119_001,2017,"Spotsylvania County, Virginia",51177,All,86491,4582
B25119_002,2017,"Spotsylvania County, Virginia",51177,Owner occupied (dollars),99067,4590
B25119_003,2017,"Spotsylvania County, Virginia",51177,Renter occupied (dollars),51815,7789
B25119_001,2017,"Stafford County, Virginia",51179,All,112795,5081
B25119_002,2017,"Stafford County, Virginia",51179,Owner occupied (dollars),126811,7576
B25119_003,2017,"Stafford County, Virginia",51179,Renter occupied (dollars),58929,4069
B25119_001,2017,"York County, Virginia",51199,All,83993,10386
B25119_002,2017,"York County, Virginia",51199,Owner occupied (dollars),99886,9530
B25119_003,2017,"York County, Virginia",51199,Renter occupied (dollars),54665,6789
B25119_001,2017,"Alexandria city, Virginia",51510,All,100530,2853
B25119_002,2017,"Alexandria city, Virginia",51510,Owner occupied (dollars),140219,9267
B25119_003,2017,"Alexandria city, Virginia",51510,Renter occupied (dollars),75013,6361
B25119_001,2017,"Chesapeake city, Virginia",51550,All,76629,4106
B25119_002,2017,"Chesapeake city, Virginia",51550,Owner occupied (dollars),89497,4013
B25119_003,2017,"Chesapeake city, Virginia",51550,Renter occupied (dollars),46696,4287
B25119_001,2017,"Hampton city, Virginia",51650,All,54062,4246
B25119_002,2017,"Hampton city, Virginia",51650,Owner occupied (dollars),77864,5730
B25119_003,2017,"Hampton city, Virginia",51650,Renter occupied (dollars),36095,2952
B25119_001,2017,"Lynchburg city, Virginia",51680,All,45239,5158
B25119_002,2017,"Lynchburg city, Virginia",51680,Owner occupied (dollars),61779,9128
B25119_003,2017,"Lynchburg city, Virginia",51680,Renter occupied (dollars),32204,3738
B25119_001,2017,"Newport News city, Virginia",51700,All,49716,2824
B25119_002,2017,"Newport News city, Virginia",51700,Owner occupied (dollars),68517,5744
B25119_003,2017,"Newport News city, Virginia",51700,Renter occupied (dollars),35088,4804
B25119_001,2017,"Norfolk city, Virginia",51710,All,49445,2567
B25119_002,2017,"Norfolk city, Virginia",51710,Owner occupied (dollars),71587,4734
B25119_003,2017,"Norfolk city, Virginia",51710,Renter occupied (dollars),36730,2925
B25119_001,2017,"Portsmouth city, Virginia",51740,All,50242,3880
B25119_002,2017,"Portsmouth city, Virginia",51740,Owner occupied (dollars),65772,5237
B25119_003,2017,"Portsmouth city, Virginia",51740,Renter occupied (dollars),35284,6398
B25119_001,2017,"Richmond city, Virginia",51760,All,46261,2332
B25119_002,2017,"Richmond city, Virginia",51760,Owner occupied (dollars),75353,4812
B25119_003,2017,"Richmond city, Virginia",51760,Renter occupied (dollars),32462,2815
B25119_001,2017,"Roanoke city, Virginia",51770,All,43799,3511
B25119_002,2017,"Roanoke city, Virginia",51770,Owner occupied (dollars),58447,7446
B25119_003,2017,"Roanoke city, Virginia",51770,Renter occupied (dollars),26782,4154
B25119_001,2017,"Suffolk city, Virginia",51800,All,70277,4682
B25119_002,2017,"Suffolk city, Virginia",51800,Owner occupied (dollars),88865,8317
B25119_003,2017,"Suffolk city, Virginia",51800,Renter occupied (dollars),34064,14816
B25119_001,2017,"Virginia Beach city, Virginia",51810,All,72586,2324
B25119_002,2017,"Virginia Beach city, Virginia",51810,Owner occupied (dollars),87311,3432
B25119_003,2017,"Virginia Beach city, Virginia",51810,Renter occupied (dollars),55110,3273
B25119_001,2018,"Albemarle County, Virginia",51003,All,78584,9204
B25119_002,2018,"Albemarle County, Virginia",51003,Owner occupied (dollars),97831,8149
B25119_003,2018,"Albemarle County, Virginia",51003,Renter occupied (dollars),50580,9315
B25119_001,2018,"Arlington County, Virginia",51013,All,122394,4383
B25119_002,2018,"Arlington County, Virginia",51013,Owner occupied (dollars),166242,13120
B25119_003,2018,"Arlington County, Virginia",51013,Renter occupied (dollars),95331,8852
B25119_001,2018,"Augusta County, Virginia",51015,All,59820,4497
B25119_002,2018,"Augusta County, Virginia",51015,Owner occupied (dollars),63039,3693
B25119_003,2018,"Augusta County, Virginia",51015,Renter occupied (dollars),46884,6635
B25119_001,2018,"Bedford County, Virginia",51019,All,64084,7730
B25119_002,2018,"Bedford County, Virginia",51019,Owner occupied (dollars),71493,2688
B25119_003,2018,"Bedford County, Virginia",51019,Renter occupied (dollars),31984,5634
B25119_001,2018,"Chesterfield County, Virginia",51041,All,80655,3052
B25119_002,2018,"Chesterfield County, Virginia",51041,Owner occupied (dollars),90187,3219
B25119_003,2018,"Chesterfield County, Virginia",51041,Renter occupied (dollars),54339,6165
B25119_001,2018,"Fairfax County, Virginia",51059,All,122227,2180
B25119_002,2018,"Fairfax County, Virginia",51059,Owner occupied (dollars),151208,3047
B25119_003,2018,"Fairfax County, Virginia",51059,Renter occupied (dollars),78655,2999
B25119_001,2018,"Fauquier County, Virginia",51061,All,92145,9810
B25119_002,2018,"Fauquier County, Virginia",51061,Owner occupied (dollars),111070,13465
B25119_003,2018,"Fauquier County, Virginia",51061,Renter occupied (dollars),60824,9313
B25119_001,2018,"Frederick County, Virginia",51069,All,80953,9163
B25119_002,2018,"Frederick County, Virginia",51069,Owner occupied (dollars),92582,7862
B25119_003,2018,"Frederick County, Virginia",51069,Renter occupied (dollars),52243,19026
B25119_001,2018,"Hanover County, Virginia",51085,All,91309,4928
B25119_002,2018,"Hanover County, Virginia",51085,Owner occupied (dollars),100517,6908
B25119_003,2018,"Hanover County, Virginia",51085,Renter occupied (dollars),53231,15349
B25119_001,2018,"Henrico County, Virginia",51087,All,68069,2848
B25119_002,2018,"Henrico County, Virginia",51087,Owner occupied (dollars),90432,6017
B25119_003,2018,"Henrico County, Virginia",51087,Renter occupied (dollars),47111,3644
B25119_001,2018,"James City County, Virginia",51095,All,83190,7866
B25119_002,2018,"James City County, Virginia",51095,Owner occupied (dollars),96178,6015
B25119_003,2018,"James City County, Virginia",51095,Renter occupied (dollars),50949,10985
B25119_001,2018,"Loudoun County, Virginia",51107,All,139915,4772
B25119_002,2018,"Loudoun County, Virginia",51107,Owner occupied (dollars),162654,4648
B25119_003,2018,"Loudoun County, Virginia",51107,Renter occupied (dollars),71886,11613
B25119_001,2018,"Montgomery County, Virginia",51121,All,51932,5064
B25119_002,2018,"Montgomery County, Virginia",51121,Owner occupied (dollars),71310,7414
B25119_003,2018,"Montgomery County, Virginia",51121,Renter occupied (dollars),25342,4838
B25119_001,2018,"Prince William County, Virginia",51153,All,107925,5103
B25119_002,2018,"Prince William County, Virginia",51153,Owner occupied (dollars),126692,3836
B25119_003,2018,"Prince William County, Virginia",51153,Renter occupied (dollars),61756,5731
B25119_001,2018,"Roanoke County, Virginia",51161,All,68595,6608
B25119_002,2018,"Roanoke County, Virginia",51161,Owner occupied (dollars),80780,5644
B25119_003,2018,"Roanoke County, Virginia",51161,Renter occupied (dollars),38694,12882
B25119_001,2018,"Rockingham County, Virginia",51165,All,61199,3699
B25119_002,2018,"Rockingham County, Virginia",51165,Owner occupied (dollars),64444,3205
B25119_003,2018,"Rockingham County, Virginia",51165,Renter occupied (dollars),44617,15253
B25119_001,2018,"Spotsylvania County, Virginia",51177,All,88431,7266
B25119_002,2018,"Spotsylvania County, Virginia",51177,Owner occupied (dollars),100083,4438
B25119_003,2018,"Spotsylvania County, Virginia",51177,Renter occupied (dollars),55855,5660
B25119_001,2018,"Stafford County, Virginia",51179,All,110307,6315
B25119_002,2018,"Stafford County, Virginia",51179,Owner occupied (dollars),127171,5325
B25119_003,2018,"Stafford County, Virginia",51179,Renter occupied (dollars),62373,16269
B25119_001,2018,"York County, Virginia",51199,All,83593,11328
B25119_002,2018,"York County, Virginia",51199,Owner occupied (dollars),99530,13542
B25119_003,2018,"York County, Virginia",51199,Renter occupied (dollars),67078,9298
B25119_001,2018,"Alexandria city, Virginia",51510,All,101215,6379
B25119_002,2018,"Alexandria city, Virginia",51510,Owner occupied (dollars),147257,17149
B25119_003,2018,"Alexandria city, Virginia",51510,Renter occupied (dollars),77521,4128
B25119_001,2018,"Chesapeake city, Virginia",51550,All,80265,4113
B25119_002,2018,"Chesapeake city, Virginia",51550,Owner occupied (dollars),97259,4910
B25119_003,2018,"Chesapeake city, Virginia",51550,Renter occupied (dollars),43339,2762
B25119_001,2018,"Hampton city, Virginia",51650,All,55466,2859
B25119_002,2018,"Hampton city, Virginia",51650,Owner occupied (dollars),70131,7714
B25119_003,2018,"Hampton city, Virginia",51650,Renter occupied (dollars),41364,4955
B25119_001,2018,"Lynchburg city, Virginia",51680,All,42389,4427
B25119_002,2018,"Lynchburg city, Virginia",51680,Owner occupied (dollars),73125,11525
B25119_003,2018,"Lynchburg city, Virginia",51680,Renter occupied (dollars),26520,1313
B25119_001,2018,"Newport News city, Virginia",51700,All,50180,3050
B25119_002,2018,"Newport News city, Virginia",51700,Owner occupied (dollars),72225,3006
B25119_003,2018,"Newport News city, Virginia",51700,Renter occupied (dollars),35976,2426
B25119_001,2018,"Norfolk city, Virginia",51710,All,49587,2812
B25119_002,2018,"Norfolk city, Virginia",51710,Owner occupied (dollars),73109,3044
B25119_003,2018,"Norfolk city, Virginia",51710,Renter occupied (dollars),35318,2729
B25119_001,2018,"Portsmouth city, Virginia",51740,All,47919,4155
B25119_002,2018,"Portsmouth city, Virginia",51740,Owner occupied (dollars),64010,8179
B25119_003,2018,"Portsmouth city, Virginia",51740,Renter occupied (dollars),34830,4473
B25119_001,2018,"Richmond city, Virginia",51760,All,48987,2137
B25119_002,2018,"Richmond city, Virginia",51760,Owner occupied (dollars),78567,7060
B25119_003,2018,"Richmond city, Virginia",51760,Renter occupied (dollars),36200,2390
B25119_001,2018,"Roanoke city, Virginia",51770,All,42711,5665
B25119_002,2018,"Roanoke city, Virginia",51770,Owner occupied (dollars),58808,8407
B25119_003,2018,"Roanoke city, Virginia",51770,Renter occupied (dollars),29423,5074
B25119_001,2018,"Suffolk city, Virginia",51800,All,71829,6440
B25119_002,2018,"Suffolk city, Virginia",51800,Owner occupied (dollars),87702,4857
B25119_003,2018,"Suffolk city, Virginia",51800,Renter occupied (dollars),38972,5794
B25119_001,2018,"Virginia Beach city, Virginia",51810,All,77059,2200
B25119_002,2018,"Virginia Beach city, Virginia",51810,Owner occupied (dollars),90489,2649
B25119_003,2018,"Virginia Beach city, Virginia",51810,Renter occupied (dollars),54908,4008
B25119_001,2019,"Albemarle County, Virginia",51003,All,86399,5154
B25119_002,2019,"Albemarle County, Virginia",51003,Owner occupied (dollars),114401,12090
B25119_003,2019,"Albemarle County, Virginia",51003,Renter occupied (dollars),53604,6236
B25119_001,2019,"Arlington County, Virginia",51013,All,119755,4315
B25119_002,2019,"Arlington County, Virginia",51013,Owner occupied (dollars),168963,11002
B25119_003,2019,"Arlington County, Virginia",51013,Renter occupied (dollars),91098,4844
B25119_001,2019,"Augusta County, Virginia",51015,All,62668,5486
B25119_002,2019,"Augusta County, Virginia",51015,Owner occupied (dollars),68617,7481
B25119_003,2019,"Augusta County, Virginia",51015,Renter occupied (dollars),44954,9112
B25119_001,2019,"Bedford County, Virginia",51019,All,69125,6200
B25119_002,2019,"Bedford County, Virginia",51019,Owner occupied (dollars),77966,8093
B25119_003,2019,"Bedford County, Virginia",51019,Renter occupied (dollars),37239,9513
B25119_001,2019,"Chesterfield County, Virginia",51041,All,81297,3265
B25119_002,2019,"Chesterfield County, Virginia",51041,Owner occupied (dollars),96483,4091
B25119_003,2019,"Chesterfield County, Virginia",51041,Renter occupied (dollars),46115,5632
B25119_001,2019,"Fairfax County, Virginia",51059,All,128374,3352
B25119_002,2019,"Fairfax County, Virginia",51059,Owner occupied (dollars),155857,4030
B25119_003,2019,"Fairfax County, Virginia",51059,Renter occupied (dollars),82106,4567
B25119_001,2019,"Fauquier County, Virginia",51061,All,104809,5958
B25119_002,2019,"Fauquier County, Virginia",51061,Owner occupied (dollars),120317,9698
B25119_003,2019,"Fauquier County, Virginia",51061,Renter occupied (dollars),59912,21013
B25119_001,2019,"Frederick County, Virginia",51069,All,86229,7748
B25119_002,2019,"Frederick County, Virginia",51069,Owner occupied (dollars),93040,6403
B25119_003,2019,"Frederick County, Virginia",51069,Renter occupied (dollars),56793,7935
B25119_001,2019,"Hanover County, Virginia",51085,All,89812,6448
B25119_002,2019,"Hanover County, Virginia",51085,Owner occupied (dollars),97959,8759
B25119_003,2019,"Hanover County, Virginia",51085,Renter occupied (dollars),50268,5614
B25119_001,2019,"Henrico County, Virginia",51087,All,68024,3325
B25119_002,2019,"Henrico County, Virginia",51087,Owner occupied (dollars),95829,5957
B25119_003,2019,"Henrico County, Virginia",51087,Renter occupied (dollars),45332,4082
B25119_001,2019,"James City County, Virginia",51095,All,91674,6640
B25119_002,2019,"James City County, Virginia",51095,Owner occupied (dollars),99068,7196
B25119_003,2019,"James City County, Virginia",51095,Renter occupied (dollars),67962,13673
B25119_001,2019,"Loudoun County, Virginia",51107,All,151800,4420
B25119_002,2019,"Loudoun County, Virginia",51107,Owner occupied (dollars),175660,7236
B25119_003,2019,"Loudoun County, Virginia",51107,Renter occupied (dollars),83214,4475
B25119_001,2019,"Montgomery County, Virginia",51121,All,60045,5649
B25119_002,2019,"Montgomery County, Virginia",51121,Owner occupied (dollars),79836,13707
B25119_003,2019,"Montgomery County, Virginia",51121,Renter occupied (dollars),35767,7555
B25119_001,2019,"Prince William County, Virginia",51153,All,106861,4562
B25119_002,2019,"Prince William County, Virginia",51153,Owner occupied (dollars),121335,3872
B25119_003,2019,"Prince William County, Virginia",51153,Renter occupied (dollars),70555,4650
B25119_001,2019,"Roanoke County, Virginia",51161,All,71715,4991
B25119_002,2019,"Roanoke County, Virginia",51161,Owner occupied (dollars),84622,7576
B25119_003,2019,"Roanoke County, Virginia",51161,Renter occupied (dollars),35080,12888
B25119_001,2019,"Rockingham County, Virginia",51165,All,69423,8215
B25119_002,2019,"Rockingham County, Virginia",51165,Owner occupied (dollars),72770,5039
B25119_003,2019,"Rockingham County, Virginia",51165,Renter occupied (dollars),57725,15254
B25119_001,2019,"Spotsylvania County, Virginia",51177,All,91073,6011
B25119_002,2019,"Spotsylvania County, Virginia",51177,Owner occupied (dollars),104749,7394
B25119_003,2019,"Spotsylvania County, Virginia",51177,Renter occupied (dollars),47471,12473
B25119_001,2019,"Stafford County, Virginia",51179,All,110446,9609
B25119_002,2019,"Stafford County, Virginia",51179,Owner occupied (dollars),128704,5483
B25119_003,2019,"Stafford County, Virginia",51179,Renter occupied (dollars),58959,5542
B25119_001,2019,"York County, Virginia",51199,All,91241,7596
B25119_002,2019,"York County, Virginia",51199,Owner occupied (dollars),108893,11337
B25119_003,2019,"York County, Virginia",51199,Renter occupied (dollars),66532,11544
B25119_001,2019,"Alexandria city, Virginia",51510,All,103284,4138
B25119_002,2019,"Alexandria city, Virginia",51510,Owner occupied (dollars),161899,14551
B25119_003,2019,"Alexandria city, Virginia",51510,Renter occupied (dollars),79719,4441
B25119_001,2019,"Chesapeake city, Virginia",51550,All,77847,5541
B25119_002,2019,"Chesapeake city, Virginia",51550,Owner occupied (dollars),97550,6234
B25119_003,2019,"Chesapeake city, Virginia",51550,Renter occupied (dollars),42967,3424
B25119_001,2019,"Hampton city, Virginia",51650,All,56930,5618
B25119_002,2019,"Hampton city, Virginia",51650,Owner occupied (dollars),75319,5088
B25119_003,2019,"Hampton city, Virginia",51650,Renter occupied (dollars),42167,5607
B25119_001,2019,"Lynchburg city, Virginia",51680,All,54850,6836
B25119_002,2019,"Lynchburg city, Virginia",51680,Owner occupied (dollars),69194,8460
B25119_003,2019,"Lynchburg city, Virginia",51680,Renter occupied (dollars),43020,6664
B25119_001,2019,"Newport News city, Virginia",51700,All,53029,3959
B25119_002,2019,"Newport News city, Virginia",51700,Owner occupied (dollars),68924,7403
B25119_003,2019,"Newport News city, Virginia",51700,Renter occupied (dollars),44125,3590
B25119_001,2019,"Norfolk city, Virginia",51710,All,53093,2206
B25119_002,2019,"Norfolk city, Virginia",51710,Owner occupied (dollars),75379,4849
B25119_003,2019,"Norfolk city, Virginia",51710,Renter occupied (dollars),37262,3631
B25119_001,2019,"Portsmouth city, Virginia",51740,All,51195,4303
B25119_002,2019,"Portsmouth city, Virginia",51740,Owner occupied (dollars),63546,5086
B25119_003,2019,"Portsmouth city, Virginia",51740,Renter occupied (dollars),40503,7247
B25119_001,2019,"Richmond city, Virginia",51760,All,51285,3617
B25119_002,2019,"Richmond city, Virginia",51760,Owner occupied (dollars),82105,5709
B25119_003,2019,"Richmond city, Virginia",51760,Renter occupied (dollars),33591,4503
B25119_001,2019,"Roanoke city, Virginia",51770,All,45838,5826
B25119_002,2019,"Roanoke city, Virginia",51770,Owner occupied (dollars),62626,5744
B25119_003,2019,"Roanoke city, Virginia",51770,Renter occupied (dollars),31107,5746
B25119_001,2019,"Suffolk city, Virginia",51800,All,80481,5694
B25119_002,2019,"Suffolk city, Virginia",51800,Owner occupied (dollars),96091,7075
B25119_003,2019,"Suffolk city, Virginia",51800,Renter occupied (dollars),45358,9204
B25119_001,2019,"Virginia Beach city, Virginia",51810,All,79054,2722
B25119_002,2019,"Virginia Beach city, Virginia",51810,Owner occupied (dollars),94296,4247
B25119_003,2019,"Virginia Beach city, Virginia",51810,Renter occupied (dollars),60827,3144
